,Make,Model,Price,Year,Kilometer,Fuel Type,Transmission,Location,Color,Owner,Seller Type,Engine,Max Power,Max Torque,Drivetrain,Length,Width,Height,Seating Capacity,Fuel Tank Capacity
955,Audi,A6 35 TDI Matrix,2400000,2015,100000,Diesel,Automatic,Jaipur,Blue,First,Individual,1968 cc,190 bhp @ 3800 rpm,400 Nm @ 1750 rpm,FWD,4933.0,1874.0,1455.0,5.0,75.0
1783,Mercedes-Benz,GLA 200 d Sport,1825000,2016,58000,Diesel,Automatic,Lucknow,White,First,Individual,2143 cc,134 bhp @ 3600 rpm,300 Nm @ 1600 rpm,FWD,4424.0,1804.0,1494.0,5.0,50.0
1290,Hyundai,Verna SX Plus 1.6 VTVT AT,1149000,2019,26894,Petrol,Automatic,Hyderabad,Black,First,Individual,1591 cc,121 bhp @ 6400 rpm,151 Nm @ 4850 rpm,FWD,4440.0,1729.0,1475.0,5.0,45.0
1933,Mahindra,Scorpio S9 2WD 7 STR,1270000,2019,61805,Diesel,Manual,Guwahati,White,First,Individual,2179 cc,140 bhp @ 3750 rpm,320 Nm @ 1500 rpm,RWD,4456.0,1820.0,1995.0,7.0,60.0
1588,Maruti Suzuki,Swift DZire VDI,500000,2015,50000,Diesel,Manual,Dehradun,Silver,Second,Individual,1248 cc,74 bhp @ 4000 rpm,190 Nm @ 2000 rpm,FWD,3995.0,1695.0,1555.0,5.0,42.0
1977,Mercedes-Benz,GLC 220d 4MATIC Progressive,8100000,2022,5500,Diesel,Automatic,Hyderabad,White,UnRegistered Car,Individual,1950 cc,192 bhp @ 3800 rpm,400 Nm @ 1600 rpm,AWD,4658.0,1890.0,1644.0,5.0,66.0
1494,Maruti Suzuki,Swift VXi [2014-2017],450000,2016,48200,Petrol,Manual,Dehradun,Silver,Second,Individual,1197 cc,83 bhp @ 6000 rpm,115 Nm @ 4000 rpm,FWD,3850.0,1695.0,1530.0,5.0,42.0
701,Toyota,Innova 2.8 ZX AT 7 STR [2016-2020],2200000,2018,57000,Diesel,Automatic,Pune,Grey,First,Individual,2755 cc,172 bhp @ 3400 rpm,360 Nm @ 1200 rpm,RWD,4735.0,1830.0,1795.0,7.0,55.0
1984,Honda,Brio VX AT,335000,2013,64418,Petrol,Automatic,Mumbai,Silver,Second,Individual,1198 cc,87 bhp @ 6000 rpm,109 Nm @ 4500 rpm,FWD,3610.0,1680.0,1500.0,5.0,35.0
831,Renault,Kwid RXT [2015-2019],319000,2018,89059,Petrol,Manual,Zirakpur,Others,First,Individual,799 cc,53 bhp @ 5678 rpm,72 Nm @ 4386 rpm,FWD,3679.0,1579.0,1478.0,5.0,28.0
427,Skoda,Superb L&K TDI AT,2500000,2017,82900,Diesel,Automatic,Coimbatore,Brown,First,Individual,1968 cc,174 bhp @ 3600 rpm,350 Nm @ 1500 rpm,FWD,4861.0,1864.0,1483.0,5.0,66.0
166,Renault,Duster 85 PS RxL,490000,2015,98000,Diesel,Manual,Jamshedpur,White,Second,Individual,1461 cc,84 bhp @ 3750 rpm,200 Nm @ 1900 rpm,FWD,4315.0,1822.0,1695.0,5.0,50.0
1612,Honda,Amaze 1.5 VX i-DTEC,515000,2015,63587,Diesel,Manual,Mumbai,Brown,First,Individual,1498 cc,99 bhp @ 3600 rpm,200 Nm @ 1750 rpm,FWD,3990.0,1680.0,1505.0,5.0,35.0
1079,Hyundai,i20 Magna (O) 1.2,450000,2014,23000,Petrol,Manual,Ahmedabad,Brown,First,Individual,1197 cc,83 bhp @ 6000 rpm,113.796 Nm @ 4000 rpm,FWD,3995.0,1710.0,1505.0,5.0,45.0
430,Maruti Suzuki,DZire VXi AMT,825000,2019,9644,Petrol,Automatic,Pune,Blue,First,Individual,1197 cc,82 bhp @ 6000 rpm,113 Nm @ 4200 rpm,FWD,3995.0,1735.0,1515.0,5.0,37.0
1766,MINI,Cooper JCW Hatchback,5200000,2022,0,Petrol,Automatic,Ahmedabad,Yellow,UnRegistered Car,Individual,1998 cc,228 bhp @ 5200 rpm,320 Nm @ 1450 rpm,FWD,3850.0,1727.0,1414.0,4.0,44.0
496,Toyota,Corolla Altis G AT Petrol,1321000,2018,38000,Petrol,Automatic,Mumbai,Gold,First,Corporate,1798 cc,138 bhp @ 6400 rpm,173 Nm @ 4000 rpm,FWD,4620.0,1775.0,1475.0,5.0,55.0
1428,BMW,5-Series 530d M Sport [2013-2017],6000000,2018,27600,Diesel,Automatic,Hyderabad,Blue,First,Individual,2993 cc,258 bhp @ 4000 rpm,560 Nm @ 1500 rpm,RWD,4899.0,2094.0,1464.0,5.0,65.0
1217,Maruti Suzuki,Swift ZXi AMT [2018-2019],725000,2019,11874,Petrol,Automatic,Pune,White,First,Individual,1197 cc,82 bhp @ 6000 rpm,113 Nm @ 4200 rpm,FWD,3840.0,1735.0,1530.0,5.0,37.0
172,Skoda,Rapid 1.5 TDI CR Ambition Plus AT,499000,2014,88000,Diesel,Automatic,Pune,Black,Second,Individual,1498 cc,103 bhp @ 4400 rpm,250 Nm @ 1500 rpm,FWD,4386.0,1699.0,1466.0,5.0,55.0
1770,Mercedes-Benz,GLE 300d 4MATIC LWB,8900000,2021,9000,Diesel,Automatic,Delhi,Black,First,Individual,1950 cc,241 bhp @ 4200 rpm,500 Nm @ 1600 rpm,AWD,4924.0,2157.0,1772.0,5.0,93.0
1760,Maruti Suzuki,Swift ZXi,800000,2022,10000,Petrol,Manual,Jalandhar,White,First,Individual,1197 cc,89 bhp @ 6000 rpm,113 Nm @ 4400 rpm,FWD,3845.0,1735.0,1530.0,5.0,37.0
361,Hyundai,Creta SX 1.6 CRDi (O),969999,2018,68000,Diesel,Manual,Kanpur,Black,First,Individual,1582 cc,126 bhp @ 4000 rpm,260 Nm @ 1500 rpm,FWD,4270.0,1780.0,1665.0,5.0,55.0
1495,Maruti Suzuki,Swift DZire VDI,459999,2015,55000,Diesel,Manual,Dehradun,Silver,Second,Individual,1248 cc,74 bhp @ 4000 rpm,190 Nm @ 2000 rpm,FWD,3995.0,1695.0,1555.0,5.0,42.0
1383,Hyundai,Santro XO eRLX - Euro III,178000,2007,85000,Petrol,Manual,Coimbatore,Silver,Second,Individual,1086 cc,63@5500,89@3000,,3565.0,1525.0,1590.0,5.0,35.0
699,Hyundai,Sonata 2.0 CRDi,225000,2009,140000,Diesel,Manual,Yamunanagar,Silver,Third,Individual,1991 cc,142@4000,323@2000,FWD,4800.0,1832.0,1485.0,5.0,70.0
1435,Maruti Suzuki,S-Cross Alpha 1.6,590000,2016,77000,Diesel,Manual,Delhi,Silver,First,Individual,1598 cc,118 bhp @ 3750 rpm,320 Nm @ 1750 rpm,FWD,4300.0,1765.0,1590.0,5.0,48.0
1778,Volvo,XC90 D5 Inscription,8500000,2021,32500,Diesel,Automatic,Ahmedabad,White,First,Individual,1969 cc,232 bhp @ 4250 rpm,480 Nm @ 1750 rpm,AWD,4953.0,2008.0,1776.0,7.0,71.0
394,Hyundai,i20 Active 1.4 SX,725000,2016,84000,Diesel,Manual,Aurangabad,White,First,Individual,1396 cc,89 bhp @ 4000 rpm,220 Nm @ 1500 rpm,FWD,3995.0,1760.0,1555.0,5.0,45.0
808,Maruti Suzuki,Eeco 5 STR WITH HTR CNG [2018-2019],590000,2021,8640,CNG,Manual,Bhopal,White,First,Individual,1196 cc,73 bhp @ 6000 rpm,101 Nm @ 3000 rpm,RWD,3675.0,1475.0,1800.0,5.0,40.0
906,Maruti Suzuki,Alto VXi,245000,2014,31100,Petrol,Manual,Jamshedpur,Maroon,Second,Individual,998 cc,67 bhp @ 6200 rpm,90 Nm @ 3500 rpm,FWD,3620.0,1475.0,1460.0,5.0,35.0
1480,Maruti Suzuki,Ignis Delta 1.2 AMT,560000,2017,36000,Petrol,Automatic,Delhi,Silver,First,Individual,1197 cc,82 bhp @ 6000 rpm,113 Nm @ 4200 rpm,FWD,3700.0,1690.0,1595.0,5.0,32.0
954,Maruti Suzuki,S-Cross Sigma 1.3,675000,2017,125372,Diesel,Manual,Coimbatore,Brown,First,Individual,1248 cc,89 bhp @ 4000 rpm,200 Nm @ 1750 rpm,FWD,4300.0,1765.0,1590.0,5.0,48.0
1810,Maruti Suzuki,Ciaz Delta Hybrid 1.5 [2018-2020],825000,2019,44000,Petrol,Manual,Delhi,White,First,Individual,1462 cc,103 bhp @ 6000 rpm,138 Nm @ 4400 rpm,FWD,4490.0,1730.0,1485.0,5.0,43.0
1531,Audi,A3 35 TDI Premium Plus + Sunroof,2380000,2019,36000,Diesel,Automatic,Jalandhar,White,Second,Individual,1968 cc,141 bhp @ 3500 rpm,320 Nm @ 1750 rpm,FWD,4456.0,1796.0,1416.0,5.0,50.0
139,Audi,Q5 45 TFSI Premium Plus,5651000,2022,1,Petrol,Automatic,Delhi,Blue,UnRegistered Car,Individual,1984 cc,248 bhp @ 5000 rpm,370 Nm @ 1600 rpm,AWD,4663.0,1898.0,1659.0,5.0,70.0
958,Audi,A7 Sportback 3.0 TDI quattro,2600000,2012,42000,Diesel,Automatic,Lucknow,White,First,Individual,2967 cc,241 bhp @ 4000 rpm,500 Nm @ 1400 rpm,AWD,4969.0,2139.0,1420.0,5.0,65.0
1298,BMW,X5 xDrive 30d Expedition,4800000,2017,35000,Diesel,Automatic,Delhi,Black,First,Individual,2993 cc,258 bhp @ 4000 rpm,560 Nm @ 1500 rpm,AWD,4886.0,1938.0,1762.0,7.0,
1218,Hyundai,Creta E Plus 1.6 Petrol,875000,2017,50000,Petrol,Manual,Mumbai,Silver,First,Individual,1591 cc,122 bhp @ 6400 rpm,154 Nm @ 4850 rpm,FWD,4270.0,1780.0,1630.0,5.0,60.0
1038,Maruti Suzuki,Alto LXi CNG,155000,2009,56852,CNG,Manual,Kanpur,Gold,Second,Individual,796 cc,39 bhp @ 6200 rpm,54 Nm @ 3000 rpm,FWD,3495.0,1475.0,1460.0,5.0,35.0
1500,Skoda,Octavia Style 1.8 TSI AT,819999,2015,94580,Petrol,Automatic,Kanpur,Black,First,Individual,1798 cc,177 bhp @ 4500 rpm,250 Nm @ 1250 rpm,FWD,4659.0,1814.0,1476.0,5.0,50.0
109,Mahindra,Thar LX 4-STR Hard Top Petrol MT,1575000,2021,8519,Petrol,Manual,Mumbai,Blue,First,Individual,1997 cc,150 bhp @ 5000 rpm,300 Nm @ 1250 rpm,AWD,3985.0,1820.0,1844.0,4.0,57.0
1840,Audi,A6 Technology 45 TFSI,5800000,2021,7935,Petrol,Automatic,Surat,Brown,UnRegistered Car,Individual,1984 cc,241 bhp @ 5000 rpm,370 Nm @ 1600 rpm,FWD,4939.0,1886.0,1457.0,5.0,73.0
609,Audi,A4 30 TFSI Technology Pack,3500000,2018,18000,Petrol,Automatic,Mumbai,White,First,Individual,1395 cc,148 bhp @ 5000 rpm,250 Nm @ 1500 rpm,FWD,4726.0,1842.0,1427.0,5.0,54.0
1938,MG,Hector Sharp 2.0 Diesel [2019-2020],1710000,2020,12400,Diesel,Manual,Mohali,Grey,First,Individual,1956 cc,169 bhp @ 3750 rpm,350 Nm @ 1750 rpm,FWD,4655.0,1835.0,1760.0,5.0,60.0
1166,BMW,X4 xDrive30d M Sport X [2019-2020],6100000,2021,24500,Diesel,Automatic,Mumbai,Red,First,Corporate,2993 cc,260 bhp @ 4000 rpm,620 Nm @ 2000 rpm,AWD,4752.0,1918.0,1621.0,5.0,68.0
590,Maruti Suzuki,Eeco 5 STR WITH A/C+HTR [2019-2020],535000,2020,41441,Petrol,Manual,Bangalore,Silver,First,Individual,1196 cc,73 bhp @ 6000 rpm,101 Nm @ 3000 rpm,RWD,3675.0,1475.0,1800.0,5.0,40.0
656,Hyundai,Venue SX 1.4 CRDi,1025000,2019,42000,Diesel,Manual,Mumbai,Silver,First,Individual,1396 cc,89 bhp @ 4000 rpm,220 Nm @ 1500 rpm,FWD,3995.0,1770.0,1605.0,5.0,45.0
2043,Mercedes-Benz,C-Class C 220 CDI Avantgarde,2850000,2016,21200,Diesel,Automatic,Pune,Silver,First,Individual,2143 cc,168 bhp @ 3000 rpm,400 Nm @ 1400 rpm,RWD,4686.0,1810.0,1442.0,5.0,66.0
1337,Hyundai,Santro GLS,141000,2009,56400,Petrol,Manual,Jamshedpur,Silver,Third,Individual,1086 cc,62 bhp @ 5500 rpm,96 Nm @ 3000 rpm,FWD,3565.0,1525.0,1590.0,5.0,35.0
1694,Toyota,Etios V,300000,2011,49200,Petrol,Manual,Mumbai,Silver,First,Individual,1496 cc,80 bhp @ 5600 rpm,132 Nm @ 3000 rpm,FWD,4265.0,1695.0,1510.0,5.0,45.0
826,Maruti Suzuki,Ciaz Delta 1.4 MT,721000,2018,46000,Petrol,Manual,Noida,White,First,Individual,1373 cc,91 bhp @ 6000 rpm,130 Nm @ 4000 rpm,FWD,4490.0,1730.0,1485.0,5.0,43.0
915,Renault,Kwid RXT [2015-2019],315000,2017,15507,Petrol,Manual,Pune,Bronze,First,Individual,799 cc,53 bhp @ 5678 rpm,72 Nm @ 4386 rpm,FWD,3679.0,1579.0,1478.0,5.0,28.0
1399,Hyundai,Santro Sportz CNG [2018-2020],465000,2019,28000,CNG,Manual,Delhi,White,First,Individual,1086 cc,58 bhp @ 5500 rpm,84 Nm @ 4500 rpm,FWD,3610.0,1645.0,1560.0,5.0,60.0
138,Maruti Suzuki,Ritz VXI BS-IV,210000,2011,58888,Petrol,Manual,Delhi,Maroon,Second,Individual,,,,,,,,,
247,Tata,Nexon XZA Plus Petrol,1085000,2018,8922,Petrol,Automatic,Bangalore,Red,First,Individual,1198 cc,108 bhp @ 5000 rpm,170 Nm @ 1750 rpm,FWD,3994.0,1811.0,1607.0,5.0,44.0
1795,Mercedes-Benz,E-Class E 220d Expression [2019-2019],4775000,2018,51529,Diesel,Automatic,Bangalore,White,First,Individual,1950 cc,192 bhp @ 3800 rpm,400 Nm @ 1600 rpm,RWD,5063.0,1860.0,1494.0,5.0,80.0
231,Mercedes-Benz,GLE 250 d,5850000,2019,31000,Diesel,Automatic,Mumbai,Grey,First,Corporate,2143 cc,201 bhp @ 3800 rpm,500 Nm @ 1600 rpm,AWD,4819.0,2141.0,1796.0,5.0,93.0
508,BMW,3-Series 320d Sport Line,1400000,2014,35000,Diesel,Automatic,Kolkata,Brown,First,Individual,1995 cc,184 bhp @ 4000 rpm,380 Nm @ 1750 rpm,RWD,4624.0,2031.0,1429.0,5.0,60.0
841,Hyundai,Creta SX 1.6 (O) Petrol,1115000,2018,37000,Petrol,Manual,Delhi,Black,Second,Individual,1591 cc,122 bhp @ 6400 rpm,151 Nm @ 4850 rpm,FWD,4270.0,1780.0,1665.0,5.0,55.0
1269,Mercedes-Benz,CLA 200 CDI Sport,2800000,2018,24000,Diesel,Automatic,Mumbai,Red,First,Individual,2143 cc,134 bhp @ 3600 rpm,300 Nm @ 1600 rpm,FWD,4630.0,1777.0,1432.0,5.0,
2033,Mercedes-Benz,E-Class E200,950000,2011,65000,Petrol,Automatic,Mumbai,Black,Second,Individual,1991 cc,184 bhp @ 5500 rpm,300 Nm @ 1200 rpm,RWD,4879.0,1854.0,1474.0,5.0,80.0
709,Toyota,Urban Cruiser Premium Grade AT,1050000,2021,1910,Petrol,Automatic,Varanasi,White,First,Individual,1462 cc,103 bhp @ 6000 rpm,138 Nm @ 4400 rpm,FWD,3995.0,1790.0,1640.0,5.0,48.0
1181,Hyundai,Verna Fluidic 1.6 CRDi SX,459999,2013,78000,Diesel,Manual,Ahmedabad,White,Second,Individual,1582 cc,126 bhp @ 4000 rpm,260 Nm @ 1900 rpm,FWD,4370.0,1700.0,1475.0,5.0,43.0
248,Maruti Suzuki,Alto 800 Vxi,319000,2013,47800,Petrol,Manual,Dharwad,Red,First,Individual,796 cc,47 bhp @ 6000 rpm,69 Nm @ 3500 rpm,FWD,3395.0,1490.0,1475.0,5.0,35.0
1268,Maruti Suzuki,Wagon R LXi Minor,218000,2008,51000,Petrol,Manual,Coimbatore,Gold,Second,Individual,1061 cc,67@6200,84@3500,FWD,3520.0,1475.0,1690.0,5.0,35.0
1819,Maruti Suzuki,Baleno Delta 1.2,650000,2018,32000,Petrol,Manual,Delhi,Blue,First,Individual,1197 cc,83 bhp @ 6000 rpm,115 Nm @ 4000 rpm,FWD,3995.0,1745.0,1500.0,5.0,37.0
431,Maruti Suzuki,Celerio ZXi (O) AMT [2019-2020],425000,2017,41624,Petrol,Automatic,Pune,White,Second,Individual,998 cc,67 bhp @ 6000 rpm,90 Nm @ 3500 rpm,FWD,3695.0,1600.0,1560.0,5.0,35.0
972,Mercedes-Benz,C-Class 220 CDI Sport,1100000,2012,73000,Diesel,Automatic,Kanpur,White,First,Individual,,,,,,,,,
1326,Maruti Suzuki,Alto 800 Lx CNG,299000,2017,45000,CNG,Manual,Pune,Silver,First,Individual,796 cc,48 bhp @ 6000 rpm,69 Nm @ 3500 rpm,FWD,3395.0,1490.0,1475.0,5.0,35.0
503,Volkswagen,Vento Highline Plus 1.2 (P) AT 16 Alloy,825000,2018,62000,Petrol,Automatic,Faridabad,Brown,First,Corporate,1197 cc,103 bhp @ 5000 rpm,175 Nm @ 1500 rpm,FWD,4390.0,1699.0,1467.0,5.0,55.0
1327,Toyota,Fortuner 2.8 4x4 AT [2016-2020],3470000,2018,62152,Diesel,Automatic,Mumbai,Silver,First,Individual,2755 cc,174 bhp @ 3400 rpm,450 Nm @ 1600 rpm,AWD,4795.0,1855.0,1835.0,7.0,80.0
692,Honda,City ZX CVT Petrol [2017-2019],1138000,2018,6000,Petrol,Automatic,Mumbai,Silver,First,Corporate,1497 cc,117 bhp @ 6600 rpm,145 Nm @ 4600 rpm,FWD,4440.0,1695.0,1495.0,5.0,40.0
1141,Volkswagen,Polo GT TDI,325000,2013,76000,Diesel,Manual,Lucknow,White,First,Individual,1598 cc,103 bhp @ 4400 rpm,250 Nm @ 1500 rpm,FWD,3970.0,1682.0,1453.0,5.0,45.0
595,Mercedes-Benz,E-Class E 200 Exclusive [2019-2019],6500000,2021,7500,Petrol,Automatic,Delhi,Black,First,Individual,1991 cc,194 bhp @ 5800 rpm,300 Nm @ 1600 rpm,RWD,5063.0,1860.0,1494.0,5.0,80.0
1235,Ford,Endeavour Sport 2.0 4x4 AT,3900000,2021,41086,Diesel,Automatic,Pune,White,Second,Individual,1996 cc,168 bhp @ 3500 rpm,420 Nm @ 2000 rpm,AWD,4903.0,1869.0,1837.0,7.0,80.0
1116,Honda,City V CVT Petrol [2017-2019],1340000,2021,11000,Petrol,Automatic,Mumbai,Black,First,Individual,1497 cc,117 bhp @ 6600 rpm,145 Nm @ 4600 rpm,FWD,4440.0,1695.0,1495.0,5.0,40.0
1288,Maruti Suzuki,SX4 ZDI,297000,2013,84000,Diesel,Manual,Delhi,White,First,Individual,1248 cc,89 bhp @ 4000 rpm,200 Nm @ 1750 rpm,FWD,4490.0,1735.0,1560.0,5.0,50.0
1968,Land Rover,Discovery Sport HSE Petrol 7-Seater,5100000,2019,24444,Petrol,Automatic,Bangalore,Blue,Second,Individual,1999 cc,236 bhp @ 5500 rpm,340 Nm @ 1750 rpm,AWD,4600.0,2069.0,1724.0,7.0,65.0
1586,Toyota,Etios 1.2 G,434999,2015,32545,Petrol,Manual,Kolkata,Silver,First,Individual,1197 cc,79 bhp @ 5600 rpm,104 Nm @ 3100 rpm,FWD,3895.0,1735.0,1555.0,5.0,45.0
1025,Hyundai,Santa Fe 4 WD (AT),650000,2013,83466,Diesel,Automatic,Jaipur,White,First,Individual,2199 cc,195 bhp @ 4000 rpm,436 Nm @ 1800 rpm,AWD,4660.0,1890.0,1760.0,7.0,70.0
1569,Honda,Amaze 1.2 VX AT i-VTEC,434999,2014,50000,Petrol,Automatic,Mumbai,White,First,Individual,1199 cc,89 bhp @ 6000 rpm,110 Nm @ 4800 rpm,FWD,3990.0,1680.0,1505.0,5.0,35.0
327,Jeep,Compass Limited (O) 1.4 Petrol AT [2017-2020],1250000,2017,60200,Petrol,Automatic,Thane,White,First,Corporate,1368 cc,160 bhp @ 5500 rpm,250 Nm @ 2500 rpm,FWD,4395.0,1818.0,1640.0,5.0,60.0
1359,Maruti Suzuki,Vitara Brezza LDi (O) [2016-2018],675000,2016,50000,Diesel,Manual,Mohali,Grey,First,Individual,1248 cc,89 bhp @ 4000 rpm,200 Nm @ 1750 rpm,FWD,3995.0,1790.0,1640.0,5.0,48.0
1641,Mahindra,XUV500 W6 2013,865000,2017,93000,Diesel,Manual,Ahmedabad,White,First,Individual,2179 cc,140 bhp @ 3750 rpm,330 Nm @ 2800 rpm,FWD,4585.0,1890.0,1785.0,7.0,70.0
1632,Maruti Suzuki,Ertiga VXI,775000,2017,71000,Petrol,Manual,Delhi,Silver,First,Individual,1373 cc,94 bhp @ 6000 rpm,130 Nm @ 4000 rpm,FWD,4296.0,1695.0,1685.0,7.0,45.0
782,Audi,A4 30 TFSI Premium Plus,4250000,2020,17000,Petrol,Automatic,Pune,White,First,Individual,1395 cc,148 bhp @ 5000 rpm,250 Nm @ 1500 rpm,FWD,4726.0,1842.0,1427.0,5.0,54.0
1748,Ford,Endeavour Titanium 3.2 4x4 AT,3450000,2018,35000,Diesel,Automatic,Ludhiana,White,First,Individual,3198 cc,197 bhp @ 3000 rpm,470 Nm @ 1750 rpm,AWD,4892.0,1860.0,1837.0,7.0,80.0
1093,Maruti Suzuki,Swift DZire LXI (O),421000,2017,69000,Petrol,Manual,Faridabad,Grey,First,Individual,1197 cc,83 bhp @ 6000 rpm,115 Nm @ 4000 rpm,FWD,3995.0,1695.0,1555.0,5.0,42.0
940,BMW,5-Series 520d Luxury Line [2017-2019],2750000,2017,51800,Diesel,Automatic,Navi Mumbai,Black,Second,Individual,1995 cc,188 bhp @ 4000 rpm,400 Nm @ 1750 rpm,RWD,4936.0,1868.0,1479.0,5.0,65.0
135,Mahindra,Scorpio 2.6 Turbo 7 Str,550000,2007,92170,Diesel,Manual,Ranchi,White,Second,Individual,2609 cc,116@3800,277@1700,RWD,4495.0,1817.0,1975.0,7.0,60.0
1101,MINI,Countryman Cooper S JCW Inspired,3875000,2021,12000,Petrol,Automatic,Delhi,Green,First,Individual,1998 cc,189 bhp @ 4400 rpm,280 Nm @ 1350 rpm,FWD,4299.0,1822.0,1557.0,5.0,47.0
605,Audi,A3 35 TDI Premium + Sunroof,2900000,2019,15530,Diesel,Automatic,Goa,White,First,Individual,1968 cc,141 bhp @ 3500 rpm,320 Nm @ 1750 rpm,FWD,4456.0,1796.0,1416.0,5.0,50.0
1837,Honda,City VX Petrol [2017-2019],850000,2017,47255,Petrol,Manual,Ahmedabad,Grey,First,Individual,1497 cc,117 bhp @ 6600 rpm,145 Nm @ 4600 rpm,FWD,4440.0,1695.0,1495.0,5.0,40.0
1743,Hyundai,Creta SX 1.6 AT Petrol,1260000,2018,36000,Petrol,Automatic,Mumbai,Grey,First,Individual,1591 cc,122 bhp @ 6400 rpm,151 Nm @ 4850 rpm,FWD,4270.0,1780.0,1665.0,5.0,55.0
179,Mahindra,Scorpio VLX 2WD BS-IV,600000,2014,83000,Diesel,Manual,Rudrapur,White,Second,Individual,2179 cc,120 bhp @ 4000 rpm,290 Nm @ 1800 rpm,RWD,4430.0,1817.0,1975.0,8.0,60.0
193,Renault,Duster 110 PS RxL Diesel,425000,2014,72000,Diesel,Manual,Ludhiana,White,Second,Individual,1461 cc,108 bhp @ 3900 rpm,248 Nm @ 2250 rpm,FWD,4315.0,1822.0,1695.0,5.0,50.0
1117,Maruti Suzuki,Swift ZXi Plus [2018-2019],840000,2020,11000,Petrol,Manual,Bangalore,White,First,Individual,1197 cc,82 bhp @ 6000 rpm,113 Nm @ 4200 rpm,FWD,3840.0,1735.0,1530.0,5.0,37.0
707,Maruti Suzuki,Ciaz Delta 1.5 Diesel,910000,2019,76000,Diesel,Manual,Hyderabad,White,First,Individual,1498 cc,94 bhp @ 4000 rpm,225 Nm @ 1500 rpm,FWD,4490.0,1730.0,1485.0,5.0,43.0
634,Maruti Suzuki,XL6 Zeta MT Petrol,975000,2019,41792,Petrol,Manual,Pune,Blue,First,Individual,1462 cc,103 bhp @ 6000 rpm,138 Nm @ 4400 rpm,FWD,4445.0,1775.0,1700.0,6.0,45.0
858,Hyundai,Elantra 1.6 SX AT,625000,2014,80000,Diesel,Automatic,Delhi,White,First,Individual,1582 cc,126 bhp @ 4000 rpm,259 Nm @ 1900 rpm,FWD,4530.0,1775.0,1470.0,5.0,56.0
637,Kia,Seltos GTX Plus 1.4 [2020-2021],1550000,2019,17000,Petrol,Manual,Bangalore,White,First,Individual,1353 cc,138 bhp @ 6000 rpm,242 Nm @ 1500 rpm,FWD,4315.0,1800.0,1645.0,5.0,50.0
1124,Ford,Ecosport Titanium 1.5 Ti-VCT,550000,2013,47000,Petrol,Manual,Indore,Black,First,Individual,1499 cc,109 bhp @ 6300 rpm,140 Nm @ 4400 rpm,FWD,3999.0,1765.0,1708.0,5.0,52.0
207,Hyundai,i20 Magna 1.4 CRDI,340000,2013,98500,Diesel,Manual,Chandigarh,Silver,First,Individual,1336 cc,89 bhp @ 4000 rpm,219.744 Nm @ 1500 rpm,FWD,3995.0,1710.0,1505.0,5.0,45.0
1813,BMW,2 Series Gran Coupe 220d M Sport [2020-2021],4100000,2020,12136,Diesel,Automatic,Hyderabad,Blue,First,Corporate,1995 cc,188 bhp @ 4000 rpm,400 Nm @ 1750 rpm,FWD,4526.0,1800.0,1420.0,5.0,50.0
1727,Mercedes-Benz,CLS 300d [2018-2019],6975000,2020,15200,Diesel,Automatic,Delhi,White,First,Individual,1950 cc,241 bhp @ 4200 rpm,500 Nm @ 1600 rpm,RWD,4988.0,1890.0,1435.0,5.0,66.0
1293,Hyundai,i10 Magna,235000,2009,107000,Petrol,Manual,Coimbatore,Grey,Third,Individual,1086 cc,67@5500,99@2800,FWD,3565.0,1595.0,1550.0,5.0,35.0
1802,Mercedes-Benz,S-Class 350 CDI L,1495000,2011,72100,Diesel,Automatic,Mumbai,Red,Second,Individual,2987 cc,235 bhp @ 4000 rpm,490 Nm @ 1800 rpm,RWD,5226.0,2120.0,1479.0,5.0,90.0
1925,Honda,WR-V VX MT Diesel,755000,2017,75650,Diesel,Manual,Thane,White,First,Individual,1498 cc,99 bhp @ 3600 rpm,200 Nm @ 1750 rpm,FWD,3999.0,1734.0,1601.0,5.0,40.0
1544,Maruti Suzuki,DZire ZXi AGS,950000,2022,10000,Petrol,Automatic,Mumbai,Bronze,First,Individual,1197 cc,89 bhp @ 6000 rpm,113 Nm @ 4400 rpm,FWD,3995.0,1735.0,1515.0,5.0,37.0
287,Hyundai,Creta 1.6 SX Plus AT Petrol,960000,2016,37079,Petrol,Automatic,Thane,Red,First,Individual,1591 cc,122 bhp @ 6400 rpm,154 Nm @ 4850 rpm,FWD,4270.0,1780.0,1630.0,5.0,60.0
1756,Hyundai,Verna 1.6 VTVT SX AT,770000,2016,20000,Petrol,Automatic,Pune,White,First,Individual,1591 cc,121 bhp @ 6300 rpm,158 Nm @ 4200 rpm,FWD,4375.0,1700.0,1475.0,5.0,43.0
1295,Toyota,Fortuner 2.8 4x2 AT [2016-2020],3090000,2017,52000,Diesel,Automatic,Mumbai,White,First,Individual,2755 cc,174 bhp @ 3400 rpm,450 Nm @ 1600 rpm,RWD,4795.0,1855.0,1835.0,7.0,80.0
401,Maruti Suzuki,Baleno Alpha 1.2 AT,595000,2017,35000,Petrol,Automatic,Mumbai,Blue,Third,Individual,1197 cc,83 bhp @ 6000 rpm,115 Nm @ 4000 rpm,FWD,3995.0,1745.0,1500.0,5.0,37.0
2000,Jeep,Compass Limited (O) 1.4 Petrol DCT,2275000,2022,2000,Petrol,Automatic,Kolkata,Green,First,Individual,1368 cc,161 bhp @ 5500 rpm,250 Nm @ 2500 rpm,FWD,4405.0,1818.0,1640.0,5.0,60.0
150,Kia,Seltos HTX Plus 1.5 Diesel [2020-2021],1575000,2019,55000,Diesel,Manual,Lucknow,Silver,First,Individual,1493 cc,113 bhp @ 4000 rpm,250 Nm @ 1500 rpm,FWD,4315.0,1800.0,1645.0,5.0,50.0
1730,Toyota,Innova 2.8 GX AT 8 STR [2016-2020],2196000,2019,42794,Diesel,Automatic,Bangalore,White,First,Individual,2755 cc,172 bhp @ 3400 rpm,360 Nm @ 1200 rpm,RWD,4735.0,1830.0,1795.0,8.0,55.0
553,MG,Gloster Savvy 6 STR 2.0 Twin Turbo 4WD,3500000,2021,7900,Diesel,Automatic,Hyderabad,Black,First,Individual,1996 cc,215 bhp @ 4000 rpm,480 Nm @ 1500 rpm,AWD,4985.0,1926.0,1867.0,6.0,75.0
1579,Audi,Q5 3.0 TDI quattro,825000,2009,63300,Diesel,Automatic,Delhi,White,First,Individual,2967 cc,240@4000,500@1500,,4628.0,1879.0,1651.0,5.0,75.0
1423,Maruti Suzuki,Celerio X Vxi AMT [2017-2019],434000,2017,50000,Petrol,Automatic,Dehradun,White,First,Individual,998 cc,67 bhp @ 6000 rpm,90 Nm @ 3500 rpm,FWD,3715.0,1635.0,1565.0,5.0,35.0
1796,Mahindra,Quanto C4,249000,2013,60000,Diesel,Manual,Kolkata,Red,First,Individual,1493 cc,100 bhp @ 3750 rpm,240 Nm @ 1600 rpm,RWD,3985.0,1850.0,1880.0,7.0,55.0
1930,Hyundai,Verna 1.6 CRDI SX,855000,2017,57000,Diesel,Manual,Bangalore,Grey,Second,Individual,1582 cc,126 bhp @ 4000 rpm,260 Nm @ 1900 rpm,FWD,4375.0,1700.0,1475.0,5.0,43.0
1335,Mercedes-Benz,C-Class 220 BlueEfficiency,1450000,2014,45000,Diesel,Automatic,Ranchi,White,First,Individual,2143 cc,170 bhp @ 4200 rpm,400 Nm @ 2800 rpm,RWD,4596.0,1770.0,1447.0,5.0,66.0
1913,Maruti Suzuki,Swift DZire VDI,260000,2011,90000,Diesel,Manual,Chandigarh,White,Second,Individual,1248 cc,74 bhp @ 4000 rpm,190 Nm @ 2000 rpm,FWD,3995.0,1695.0,1555.0,5.0,42.0
1014,Volkswagen,Taigun Highline 1.0 TSI AT,1500000,2021,31000,Petrol,Automatic,Hyderabad,Silver,First,Individual,999 cc,114 bhp @ 5000 rpm,178 Nm @ 1750 rpm,FWD,4221.0,1760.0,1612.0,5.0,50.0
987,Tata,Nexon XM,760000,2018,20251,Petrol,Manual,Pune,Grey,First,Individual,1198 cc,108 bhp @ 5000 rpm,170 Nm @ 1750 rpm,FWD,3994.0,1811.0,1607.0,5.0,44.0
1054,Maruti Suzuki,Eeco 5 STR [2014-2019],320000,2015,64000,Petrol,Manual,Ranchi,Blue,First,Individual,1196 cc,73 bhp @ 6000 rpm,101 Nm @ 3000 rpm,RWD,3675.0,1475.0,1800.0,5.0,40.0
1420,Maruti Suzuki,Baleno Delta 1.2,636000,2021,35500,Petrol,Manual,Ranchi,White,First,Individual,1197 cc,83 bhp @ 6000 rpm,115 Nm @ 4000 rpm,FWD,3995.0,1745.0,1500.0,5.0,37.0
17,Maruti Suzuki,Baleno Alpha Automatic,894999,2018,21365,Petrol,Automatic,Bangalore,Grey,First,Individual,1197 cc,82 bhp @ 6000 rpm,113 Nm @ 4200 rpm,FWD,3995.0,1745.0,1510.0,5.0,37.0
1821,Toyota,Innova 2.5 E,160000,2008,90000,Diesel,Manual,Varanasi,White,Fourth,Individual,2494 cc,102@5600,200@3400,,4555.0,1770.0,1755.0,8.0,55.0
1582,Audi,Q2 Premium 40 TFSI quattro,3450000,2022,4600,Petrol,Automatic,Gurgaon,Blue,First,Individual,1984 cc,188 bhp @ 4200 rpm,320 Nm @ 1500 rpm,AWD,4318.0,1805.0,1548.0,5.0,55.0
625,Hyundai,Grand i10 Sportz (O) 1.2 Kappa VTVT [2017-2018],425000,2015,48000,Petrol,Manual,Delhi,Silver,First,Individual,1197 cc,81 bhp @ 6000 rpm,114 Nm @ 4000 rpm,FWD,3765.0,1660.0,1520.0,5.0,43.0
923,Renault,Kwid RXT [2015-2019],315000,2017,15507,Petrol,Manual,Thane,Bronze,First,Individual,799 cc,53 bhp @ 5678 rpm,72 Nm @ 4386 rpm,FWD,3679.0,1579.0,1478.0,5.0,28.0
332,Honda,Brio S MT,310000,2014,49000,Petrol,Manual,Delhi,Brown,Second,Individual,1198 cc,87 bhp @ 6000 rpm,109 Nm @ 4500 rpm,FWD,3610.0,1680.0,1500.0,5.0,35.0
1875,Maruti Suzuki,Alto 800 Lxi CNG,289000,2015,78000,CNG,Manual,Mumbai,White,First,Individual,796 cc,47 bhp @ 6000 rpm,69 Nm @ 3500 rpm,FWD,3395.0,1490.0,1475.0,5.0,35.0
1388,Porsche,Macan Base [2019-2020],9100000,2022,9000,Petrol,Automatic,Gurgaon,Blue,First,Individual,1984 cc,248 bhp @ 5000 rpm,370 Nm @ 1600 rpm,AWD,4696.0,1923.0,1624.0,5.0,65.0
544,BMW,5-Series 520d Luxury Line,1750000,2014,69000,Diesel,Automatic,Jalandhar,White,Second,Individual,1995 cc,190 bhp @ 4000 rpm,400 Nm @ 1750 rpm,RWD,4899.0,2094.0,1464.0,5.0,65.0
582,Land Rover,Range Rover 3.0 V6 Diesel Vogue,22000000,2019,35000,Diesel,Automatic,Pune,Blue,First,Individual,2993 cc,244 bhp @ 4000 rpm,600 Nm @ 2000 rpm,AWD,4999.0,2220.0,1835.0,5.0,105.0
708,Maruti Suzuki,Celerio VXi,565000,2020,47000,Petrol,Manual,Hyderabad,White,First,Individual,998 cc,67 bhp @ 6000 rpm,90 Nm @ 3500 rpm,FWD,3695.0,1600.0,1560.0,5.0,35.0
410,Mercedes-Benz,E-Class 200 K Classic,509999,2007,39000,Petrol,Automatic,Ludhiana,Silver,Third,Individual,,,,,,,,,
792,Honda,Brio E MT,375000,2016,35134,Petrol,Manual,Delhi,Silver,First,Individual,1198 cc,87 bhp @ 6000 rpm,109 Nm @ 4500 rpm,FWD,3610.0,1680.0,1500.0,5.0,35.0
1713,Mercedes-Benz,C-Class C 220d Progressive [2018-2019],4250000,2018,24000,Diesel,Automatic,Hyderabad,White,First,Individual,1950 cc,192 bhp @ 3800 rpm,400 Nm @ 1600 rpm,RWD,4686.0,1810.0,1442.0,5.0,66.0
1724,Ford,Mustang GT Fastback 5.0L v8,7990000,2018,23000,Petrol,Automatic,Chennai,Yellow,First,Individual,4951 cc,396 bhp @ 6500 rpm,515 Nm @ 4250 rpm,RWD,4784.0,2080.0,1391.0,4.0,60.9
217,Toyota,Innova 2.4 G 7 STR [2016-2017],2250000,2020,24549,Diesel,Manual,Jaipur,Grey,Second,Individual,2393 cc,148 bhp @ 3400 rpm,343 Nm @ 1400 rpm,RWD,4735.0,1830.0,1795.0,7.0,55.0
1106,Volkswagen,Polo Comfortline 1.2L (P),240000,2010,78000,Petrol,Manual,Ludhiana,White,Second,Individual,,,,,,,,,
850,Mahindra,Scorpio LX BS-III,365000,2009,90000,Diesel,Manual,Lucknow,Green,Second,Individual,2179 cc,120 bhp @ 4000 rpm,290 Nm @ 1800 rpm,RWD,4430.0,1817.0,1975.0,8.0,60.0
284,Hyundai,i10 Sportz 1.2 AT Kappa2,335000,2013,78301,Petrol,Automatic,Pune,Grey,Second,Individual,1197 cc,79 bhp @ 6000 rpm,112.7619 Nm @ 4000 rpm,FWD,3585.0,1595.0,1550.0,5.0,35.0
1132,Honda,WR-V VX MT Petrol,580000,2017,39000,Petrol,Manual,Guwahati,White,First,Corporate,1199 cc,89 bhp @ 6000 rpm,110 Nm @ 4800 rpm,FWD,3999.0,1734.0,1601.0,5.0,40.0
593,Honda,Jazz V AT Petrol,675000,2017,48650,Petrol,Automatic,Mumbai,Brown,First,Individual,1199 cc,89 bhp @ 6000 rpm,110 Nm @ 4800 rpm,FWD,3955.0,1694.0,1544.0,5.0,40.0
114,Skoda,Rapid Ambition 1.6 MPI AT Plus,425000,2014,24000,Petrol,Automatic,Mumbai,Beige,Second,Individual,1598 cc,104 bhp @ 5250 rpm,153 Nm @ 3800 rpm,FWD,4386.0,1699.0,1466.0,5.0,55.0
1184,Hyundai,i20 Magna 1.2,385000,2014,46000,Petrol,Manual,Hyderabad,Maroon,First,Individual,1197 cc,83 bhp @ 6000 rpm,113.796 Nm @ 4000 rpm,FWD,3995.0,1710.0,1505.0,5.0,45.0
540,Ford,Ecosport Trend 1.5 Ti-VCT,455000,2014,50000,Petrol,Manual,Delhi,White,Second,Individual,1499 cc,109 bhp @ 6300 rpm,140 Nm @ 4400 rpm,FWD,3999.0,1765.0,1708.0,5.0,52.0
39,Hyundai,Creta SX 1.6 CRDi (O),1125000,2018,60000,Diesel,Manual,Patna,White,First,Individual,1582 cc,126 bhp @ 4000 rpm,260 Nm @ 1500 rpm,FWD,4270.0,1780.0,1665.0,5.0,55.0
1765,Volvo,S90 Momentum D4 [2018-2020],4175000,2018,20000,Diesel,Automatic,Delhi,White,First,Individual,1969 cc,190 bhp @ 4250 rpm,400 Nm @ 1750 rpm,FWD,4963.0,1879.0,1443.0,5.0,55.0
1096,Audi,Q3 35 TDI quattro Technology,3250000,2019,41000,Diesel,Automatic,Hyderabad,White,Second,Individual,1968 cc,184 bhp @ 3500 rpm,380 Nm @ 1750 rpm,AWD,4385.0,1831.0,1608.0,5.0,64.0
688,Hyundai,i10 Asta 1.2 AT with Sunroof,325000,2013,46721,Petrol,Automatic,Thane,Silver,Second,Individual,1197 cc,80@5200,111@4000,FWD,3565.0,1595.0,1550.0,5.0,35.0
1898,Maruti Suzuki,Alto VXI,316000,2019,17491,Petrol,Manual,Kolkata,Others,First,Individual,,,,,,,,,
804,Audi,Q3 2.0 TDI quattro Premium,1390000,2012,69500,Diesel,Automatic,Ahmedabad,Blue,First,Individual,1968 cc,174 bhp @ 4200 rpm,380 Nm @ 1750 rpm,AWD,4385.0,1831.0,1608.0,5.0,64.0
199,Mahindra,Scorpio S5 2WD 7 STR,1221000,2019,46000,Diesel,Manual,Patna,White,First,Individual,2179 cc,120 bhp @ 4000 rpm,280 Nm @ 1800 rpm,RWD,4456.0,1820.0,1995.0,7.0,60.0
1644,Toyota,Glanza G,690000,2020,55000,Petrol,Manual,Lucknow,Blue,First,Individual,1197 cc,82 bhp @ 6000 rpm,113 Nm @ 4200 rpm,FWD,3995.0,1745.0,1510.0,5.0,37.0
1659,Toyota,Etios GD,299000,2013,90000,Diesel,Manual,Bulandshahar,Blue,Third,Individual,1364 cc,68 bhp @ 3600 rpm,170 Nm @ 2400 rpm,FWD,4265.0,1695.0,1510.0,5.0,45.0
1299,Mahindra,TUV300 T10,785000,2017,44000,Diesel,Manual,Mumbai,White,First,Individual,1493 cc,100 bhp @ 3750 rpm,240 Nm @ 1600 rpm,RWD,3995.0,1835.0,1839.0,7.0,60.0
348,Audi,Q3 35 TDI Premium + Sunroof,1695000,2015,60000,Diesel,Automatic,Delhi,White,Second,Individual,1968 cc,174 bhp @ 4200 rpm,380 Nm @ 1750 rpm,AWD,4385.0,1831.0,1608.0,5.0,64.0
1468,Honda,City 1.5 V AT,325000,2010,56000,Petrol,Automatic,Delhi,Gold,First,Individual,1497 cc,118@6600,146@4600,FWD,4420.0,1695.0,1480.0,5.0,42.0
163,MG,Astor Sharp 1.5 CVT,1764999,2021,1942,Petrol,Automatic,Bangalore,Red,First,Individual,1498 cc,108 bhp @ 6000 rpm,144 Nm @ 4400 rpm,FWD,4323.0,1809.0,1650.0,5.0,48.0
1988,Mercedes-Benz,GLA 200 d Style,2500000,2018,90000,Diesel,Automatic,Mumbai,Bronze,Second,Individual,2143 cc,134 bhp @ 3600 rpm,300 Nm @ 1600 rpm,FWD,4424.0,1804.0,1494.0,5.0,50.0
1692,Hyundai,Verna Fluidic 1.6 CRDi SX,415000,2014,62000,Diesel,Manual,Delhi,Silver,Second,Individual,1582 cc,126 bhp @ 4000 rpm,260 Nm @ 1900 rpm,FWD,4370.0,1700.0,1475.0,5.0,43.0
573,BMW,3-Series 330i M Sport Edition,3650000,2019,6000,Petrol,Automatic,Delhi,White,First,Individual,1998 cc,248 bhp @ 5200 rpm,350 Nm @ 1450 rpm,RWD,4633.0,1811.0,1429.0,5.0,57.0
16,Maruti Suzuki,Alto 800 LXi (O),449000,2019,3583,Petrol,Manual,Bangalore,Grey,First,Individual,796 cc,47 bhp @ 6000 rpm,69 Nm @ 3500 rpm,FWD,3445.0,1515.0,1475.0,5.0,35.0
1447,Audi,Q5 40 TDI Premium Plus,4475000,2020,18000,Diesel,Automatic,Delhi,White,Second,Individual,1968 cc,188 bhp @ 3800 rpm,400 Nm @ 1750 rpm,AWD,4663.0,1893.0,1659.0,5.0,70.0
803,Mahindra,Thar CRDe 4x4 AC,875000,2018,24000,Diesel,Manual,Mumbai,White,First,Individual,2498 cc,105 bhp @ 3800 rpm,247 Nm @ 1800 rpm,AWD,3920.0,1726.0,1930.0,6.0,60.0
1294,BMW,5-Series 525d Luxury Plus,2280000,2014,68000,Diesel,Automatic,Pune,Blue,First,Individual,1995 cc,217 bhp @ 4400 rpm,450 Nm @ 1500 rpm,RWD,4899.0,2094.0,1464.0,5.0,
1237,Skoda,Kushaq Style 1.0L TSI AT,1625000,2021,7900,Petrol,Automatic,Pune,Silver,First,Individual,999 cc,114 bhp @ 5000 rpm,178 Nm @ 1750 rpm,FWD,4225.0,1760.0,1612.0,5.0,50.0
1230,Maruti Suzuki,Swift VXi [2014-2017],520000,2018,40000,Petrol,Manual,Patna,Grey,Second,Individual,1197 cc,83 bhp @ 6000 rpm,115 Nm @ 4000 rpm,FWD,3850.0,1695.0,1530.0,5.0,42.0
1457,Mercedes-Benz,GLA 200 d Sport,2750000,2019,56500,Diesel,Automatic,Delhi,White,First,Individual,2143 cc,134 bhp @ 3600 rpm,300 Nm @ 1600 rpm,FWD,4424.0,1804.0,1494.0,5.0,50.0
132,Hyundai,Verna Fluidic 1.6 CRDi SX,470000,2013,66000,Diesel,Manual,Amritsar,Grey,Third,Individual,1582 cc,126 bhp @ 4000 rpm,260 Nm @ 1900 rpm,FWD,4370.0,1700.0,1475.0,5.0,43.0
1934,Maruti Suzuki,Wagon R LXI CNG (O),325000,2014,58000,CNG,Manual,Delhi,Red,Second,Individual,998 cc,58 bhp @ 6200 rpm,77 Nm @ 3500 rpm,FWD,3599.0,1495.0,1700.0,5.0,35.0
1923,Volvo,XC40 D4 R-Design,3950000,2018,52000,Diesel,Automatic,Bangalore,White,First,Individual,1969 cc,190 bhp @ 4000 rpm,400 Nm @ 1750 rpm,AWD,4425.0,1863.0,1652.0,5.0,54.0
1702,Maruti Suzuki,Swift VXi,299000,2013,47000,Petrol,Manual,Kolkata,Silver,First,Individual,1197 cc,85 bhp @ 6000 rpm,114 Nm @ 4000 rpm,FWD,3850.0,1695.0,1530.0,5.0,42.0
94,Mercedes-Benz,GLC 220 d Sport,3900000,2018,83400,Diesel,Automatic,Hyderabad,White,Second,Individual,,,,,,,,,
1847,Hyundai,Elite i20 Asta 1.4 CRDI,690000,2017,65000,Diesel,Manual,Ahmedabad,White,First,Individual,1396 cc,89 bhp @ 4000 rpm,220 Nm @ 1500 rpm,FWD,3985.0,1734.0,1505.0,5.0,45.0
524,Hyundai,Elite i20 Asta 1.2,625000,2017,42000,Petrol,Manual,Patna,Silver,First,Individual,1197 cc,82 bhp @ 6000 rpm,115 Nm @ 4000 rpm,FWD,3985.0,1734.0,1505.0,5.0,45.0
124,Maruti Suzuki,Swift DZire VXI,415000,2014,57402,Petrol,Manual,Delhi,Grey,First,Individual,1197 cc,85 bhp @ 6000 rpm,114 Nm @ 4000 rpm,FWD,3995.0,1695.0,1555.0,5.0,42.0
1027,Mercedes-Benz,C-Class C 200 Avantgarde,2385000,2015,60921,Petrol,Automatic,Pune,Black,Second,Individual,1991 cc,181 bhp @ 5500 rpm,300 Nm @ 1200 rpm,RWD,4686.0,1810.0,1442.0,5.0,66.0
1460,Hyundai,Creta 1.4 S,800000,2018,68000,Diesel,Manual,Kanpur,Grey,First,Individual,1396 cc,89 bhp @ 4000 rpm,224 Nm @ 1500 rpm,FWD,4270.0,1780.0,1630.0,5.0,60.0
1434,Tata,Safari 2.2 EX 4x2,575000,2013,72000,Diesel,Manual,Ahmedabad,White,Second,Individual,2179 cc,138 bhp @ 4000 rpm,320 Nm @ 1700 rpm,RWD,4655.0,1965.0,1922.0,7.0,55.0
651,Hyundai,Elantra 1.8 SX MT,700000,2014,64000,Petrol,Manual,Dehradun,White,First,Individual,1797 cc,147 bhp @ 6500 rpm,177 Nm @ 4700 rpm,FWD,4530.0,1775.0,1470.0,5.0,56.0
1967,Mahindra,Thar LX 4-STR Hard Top Diesel AT,1875000,2022,15000,Diesel,Automatic,Delhi,Grey,First,Individual,2184 cc,130 bhp @ 3750 rpm,300 Nm @ 1600 rpm,AWD,3985.0,1820.0,1844.0,4.0,57.0
884,Maruti Suzuki,Baleno Alpha (O) 1.2,975000,2022,5000,Petrol,Manual,Delhi,White,First,Individual,,,,,,,,,
888,Toyota,Corolla Altis GL,680000,2014,85000,Diesel,Manual,Kanpur,White,Second,Individual,1364 cc,87 bhp @ 3800 rpm,205 Nm @ 1800 rpm,FWD,4620.0,1775.0,1475.0,5.0,50.0
1856,Skoda,Octavia 1.8 TSI Style Plus AT [2017],1390000,2017,56000,Petrol,Automatic,Navi Mumbai,White,First,Individual,1798 cc,177 bhp @ 5100 rpm,250 Nm @ 1250 rpm,FWD,4670.0,1814.0,1476.0,5.0,50.0
1047,Volvo,S60 Kinetic D4,994999,2012,89311,Diesel,Automatic,Hyderabad,White,First,Individual,1984 cc,165 bhp @ 3500 rpm,400 Nm @ 2750 rpm,FWD,4635.0,1865.0,1484.0,5.0,67.5
1015,Maruti Suzuki,Alto VXi,270000,2014,82682,Petrol,Manual,Pune,White,First,Individual,998 cc,67 bhp @ 6200 rpm,90 Nm @ 3500 rpm,FWD,3620.0,1475.0,1460.0,5.0,35.0
975,Honda,City V Petrol,1095000,2022,2700,Petrol,Manual,Delhi,Silver,First,Individual,1497 cc,118 bhp @ 6600 rpm,145 Nm @ 4600 rpm,FWD,4440.0,1695.0,1495.0,5.0,40.0
569,Mahindra,XUV500 W6,850000,2016,114000,Diesel,Manual,Lucknow,White,First,Individual,2179 cc,138 bhp @ 3750 rpm,330 Nm @ 1600 rpm,FWD,4585.0,1890.0,1785.0,7.0,70.0
343,Ford,Ecosport Trend 1.5 TDCi,480000,2014,115000,Diesel,Manual,Pune,White,First,Individual,1498 cc,89 bhp @ 3750 rpm,204 Nm @ 2000 rpm,FWD,3999.0,1765.0,1708.0,5.0,52.0
471,Hyundai,Grand i10 Asta AT 1.2 Kappa VTVT [2013-2016],565000,2016,29000,Petrol,Automatic,Mumbai,Silver,First,Individual,1197 cc,79 bhp @ 6000 rpm,112 Nm @ 4000 rpm,FWD,3765.0,1660.0,1520.0,5.0,43.0
980,Audi,Q3 35 TDI quattro Premium Plus,2100000,2017,42000,Diesel,Automatic,Gurgaon,Silver,First,Individual,1968 cc,184 bhp @ 3500 rpm,380 Nm @ 1750 rpm,AWD,4385.0,1831.0,1608.0,5.0,64.0
1110,Hyundai,Grand i10 Magna AT 1.2 Kappa VTVT,549000,2018,53000,Petrol,Automatic,Hyderabad,White,Second,Individual,1197 cc,81 bhp @ 6000 rpm,114 Nm @ 4000 rpm,FWD,3765.0,1660.0,1520.0,5.0,43.0
1464,BMW,X1 sDrive20d Expedition,2385000,2017,22120,Diesel,Automatic,Delhi,White,First,Individual,1995 cc,188 bhp @ 4000 rpm,400 Nm @ 1750 rpm,FWD,4439.0,1821.0,1612.0,5.0,51.0
1732,Maruti Suzuki,Alto LXi BS-III,200000,2008,41000,Petrol,Manual,Mysore,Blue,First,Individual,796 cc,47@6200,62@3000,,3495.0,1475.0,1460.0,5.0,35.0
1562,Hyundai,Elite i20 Asta 1.2 (O) [2016],725000,2017,36597,Petrol,Manual,Hyderabad,Red,Second,Individual,1197 cc,82 bhp @ 6000 rpm,115 Nm @ 4000 rpm,FWD,3985.0,1734.0,1505.0,5.0,45.0
777,Nissan,Sunny XV Diesel,360000,2013,92000,Diesel,Manual,Lucknow,Grey,Second,Individual,1461 cc,85 bhp @ 3750 rpm,200 Nm @ 2000 rpm,FWD,4425.0,1695.0,1505.0,5.0,41.0
54,Tata,Tiago Revotron XZA [2017-2019],475000,2017,34867,Petrol,Automatic,Mumbai,Silver,Second,Individual,1199 cc,84 bhp @ 6000 rpm,114 Nm @ 3500 rpm,FWD,3746.0,1647.0,1535.0,5.0,35.0
1943,Honda,City V Diesel,600000,2016,70000,Diesel,Manual,Kanpur,Silver,First,Individual,1498 cc,99 bhp @ 3600 rpm,200 Nm @ 1750 rpm,FWD,4440.0,1695.0,1495.0,5.0,40.0
738,Toyota,Fortuner 2.8 4x4 AT [2016-2020],4300000,2021,60000,Diesel,Automatic,Chandigarh,White,First,Individual,2755 cc,174 bhp @ 3400 rpm,450 Nm @ 1600 rpm,AWD,4795.0,1855.0,1835.0,7.0,80.0
356,Honda,Amaze 1.5 SX i-DTEC,385000,2013,72567,Diesel,Manual,Samastipur,White,First,Individual,1498 cc,99 bhp @ 3600 rpm,200 Nm @ 1750 rpm,FWD,3990.0,1680.0,1505.0,5.0,35.0
2013,Maruti Suzuki,Swift VDi,590000,2014,86000,Diesel,Manual,Coimbatore,White,First,Individual,1248 cc,74 bhp @ 4000 rpm,190 Nm @ 2000 rpm,FWD,3850.0,1695.0,1530.0,5.0,42.0
392,Mahindra,Scorpio S10,1150000,2014,99000,Diesel,Manual,Ludhiana,Silver,First,Individual,2179 cc,120 bhp @ 4000 rpm,280 Nm @ 1800 rpm,RWD,4456.0,1820.0,1995.0,8.0,60.0
230,Honda,Amaze VX CVT 1.2 Petrol,869000,2021,8700,Petrol,Automatic,Mangalore,Brown,First,Individual,1199 cc,89 bhp @ 6000 rpm,110 Nm @ 4800 rpm,FWD,3995.0,1695.0,1501.0,5.0,35.0
1320,Volkswagen,Polo Highline1.2L (P),325000,2013,53000,Petrol,Manual,Meerut,Red,Second,Individual,1198 cc,74 bhp @ 5400 rpm,110 Nm @ 3750 rpm,FWD,3970.0,1682.0,1453.0,5.0,45.0
200,BMW,X5 xDrive 30d M Sport,2975000,2015,86999,Diesel,Automatic,Mohali,Yellow,First,Individual,2993 cc,258 bhp @ 4000 rpm,560 Nm @ 1500 rpm,AWD,4886.0,1938.0,1762.0,5.0,
1801,Maruti Suzuki,Wagon R Duo LXi LPG,195000,2009,102000,LPG,Manual,Nashik,White,First,Individual,1061 cc,58@6000,77@4500,FWD,3520.0,1475.0,1660.0,5.0,35.0
932,Volvo,V40 D3 R-Design,1689999,2015,50000,Diesel,Automatic,Coimbatore,White,Second,Individual,1984 cc,150 bhp @ 3500 rpm,350 Nm @ 1500 rpm,FWD,4370.0,1783.0,1458.0,5.0,60.0
1679,Maruti Suzuki,Wagon R LXi,285000,2013,25200,Petrol,Manual,Ahmedabad,White,First,Individual,998 cc,68@6200,90@3500,,3539.0,1475.0,1700.0,5.0,35.0
1709,Mahindra,Thar LX 4-STR Convertible Diesel MT,1700000,2021,17000,Diesel,Manual,Karnal,Silver,First,Individual,2184 cc,130 bhp @ 3750 rpm,300 Nm @ 1600 rpm,AWD,3985.0,1820.0,1855.0,4.0,57.0
136,Hyundai,Grand i10 Magna 1.2 Kappa VTVT [2013-2016],484999,2018,55221,Petrol,Manual,Mumbai,White,First,Individual,1197 cc,81 bhp @ 6000 rpm,114 Nm @ 4000 rpm,FWD,3765.0,1660.0,1520.0,5.0,43.0
1343,Hyundai,Eon Magna +,405000,2018,34000,Petrol,Manual,Hyderabad,Red,First,Individual,814 cc,55 bhp @ 5500 rpm,75 Nm @ 4000 rpm,FWD,3495.0,1550.0,1500.0,5.0,32.0
1920,Toyota,Fortuner 2.8 4x4 AT [2016-2020],3200000,2017,110000,Diesel,Automatic,Chandigarh,Grey,First,Individual,2755 cc,174 bhp @ 3400 rpm,450 Nm @ 1600 rpm,AWD,4795.0,1855.0,1835.0,7.0,80.0
2028,Honda,City SV Diesel,750000,2018,75000,Diesel,Manual,Faridabad,White,First,Individual,1498 cc,99 bhp @ 3600 rpm,200 Nm @ 1750 rpm,FWD,4440.0,1695.0,1495.0,5.0,40.0
1880,Volkswagen,Polo Highline1.5L (D),625000,2014,54000,Diesel,Manual,Bangalore,Grey,First,Individual,1498 cc,89 bhp @ 4200 rpm,230 Nm @ 1500 rpm,FWD,3971.0,1682.0,1469.0,5.0,45.0
501,Maruti Suzuki,Swift DZire VDI,475000,2016,55353,Diesel,Manual,Kanpur,Grey,Second,Individual,1248 cc,74 bhp @ 4000 rpm,190 Nm @ 2000 rpm,FWD,3995.0,1695.0,1555.0,5.0,42.0
933,Nissan,Magnite XL,625000,2021,28000,Petrol,Manual,Zirakpur,White,First,Corporate,999 cc,71 bhp @ 6250 rpm,96 Nm @ 3500 rpm,FWD,3994.0,1758.0,1572.0,5.0,40.0
254,Hyundai,Grand i10 Magna 1.2 Kappa VTVT [2017-2020],445000,2016,22402,Petrol,Manual,Mumbai,Grey,First,Individual,1197 cc,81 bhp @ 6000 rpm,114 Nm @ 4000 rpm,FWD,3765.0,1660.0,1520.0,5.0,43.0
1955,Hyundai,Elite i20 Sportz 1.2 (O),660000,2018,9000,Petrol,Manual,Mumbai,Grey,First,Individual,1197 cc,82 bhp @ 6000 rpm,115 Nm @ 4000 rpm,FWD,3985.0,1734.0,1505.0,5.0,45.0
2023,Mahindra,XUV500 W10 AWD,735000,2015,121000,Diesel,Manual,Kanpur,White,First,Individual,2179 cc,138 bhp @ 3750 rpm,330 Nm @ 1600 rpm,AWD,4585.0,1890.0,1785.0,7.0,70.0
1882,BMW,X3 20d M Sport,4195000,2017,63651,Diesel,Automatic,Bangalore,White,First,Individual,1995 cc,190 bhp @ 4000 rpm,400 Nm @ 1750 rpm,AWD,4657.0,1881.0,1678.0,5.0,67.0
34,Hyundai,Santro GL (CNG),145000,2009,72000,CNG,Manual,Kanpur,Silver,Second,Individual,1086 cc,62 bhp @ 5500 rpm,96 Nm @ 3000 rpm,FWD,3565.0,1525.0,1590.0,5.0,35.0
745,Hyundai,Santro Sportz AMT [2018-2020],465000,2019,19000,Petrol,Automatic,Kolkata,Gold,First,Individual,1086 cc,68 bhp @ 5500 rpm,99 Nm @ 4500 rpm,FWD,3610.0,1645.0,1560.0,5.0,35.0
1213,Hyundai,Creta SX (O) 1.5 Diesel [2020-2022],1625000,2022,27800,Diesel,Manual,Gurgaon,White,First,Individual,1493 cc,113 bhp @ 4000 rpm,250 Nm @ 1500 rpm,FWD,4300.0,1790.0,1635.0,5.0,50.0
314,Honda,Jazz V AT Petrol,545000,2015,42000,Petrol,Automatic,Delhi,White,First,Individual,1199 cc,89 bhp @ 6000 rpm,110 Nm @ 4800 rpm,FWD,3955.0,1694.0,1544.0,5.0,40.0
1070,Jeep,Compass Sport 1.4 Petrol,1748999,2021,25700,Petrol,Manual,Karnal,Black,First,Corporate,1368 cc,160 bhp @ 5500 rpm,250 Nm @ 2500 rpm,FWD,4395.0,1818.0,1640.0,5.0,60.0
2,Hyundai,i10 Magna 1.2 Kappa2,220000,2011,67000,Petrol,Manual,Lucknow,Maroon,First,Individual,1197 cc,79 bhp @ 6000 rpm,112.7619 Nm @ 4000 rpm,FWD,3585.0,1595.0,1550.0,5.0,35.0
500,Maruti Suzuki,Swift ZXi,465000,2014,25704,Petrol,Manual,Mumbai,Red,First,Individual,1197 cc,85 bhp @ 6000 rpm,114 Nm @ 4000 rpm,FWD,3850.0,1695.0,1530.0,5.0,42.0
1902,Renault,Kwid 1.0 RXL [2017-2019],365000,2019,32000,Petrol,Manual,Mumbai,Brown,First,Individual,999 cc,67 bhp @ 5500 rpm,91 Nm @ 4250 rpm,FWD,3679.0,1579.0,1478.0,5.0,28.0
864,Tata,Tiago Revotron XTA [2017-2019],585000,2019,12000,Petrol,Automatic,Mumbai,Silver,First,Individual,1199 cc,84 bhp @ 6000 rpm,114 Nm @ 3500 rpm,FWD,3746.0,1647.0,1535.0,5.0,35.0
1209,Hyundai,Verna 1.6 VTVT SX (O),1175000,2019,20000,Petrol,Manual,Delhi,Black,First,Individual,1591 cc,121 bhp @ 6300 rpm,158 Nm @ 4200 rpm,FWD,4375.0,1700.0,1475.0,5.0,43.0
1890,Mercedes-Benz,S-Class S 450,20000000,2021,6600,Petrol,Automatic,Delhi,White,First,Individual,2996 cc,362 bhp @ 5250 rpm,500 Nm @ 1800 rpm,RWD,5246.0,1899.0,1494.0,5.0,80.0
1728,Toyota,Fortuner 3.0 4x2 MT,1375000,2013,83000,Diesel,Manual,Jalandhar,White,First,Individual,2982 cc,169 bhp @ 3600 rpm,343 Nm @ 1400 rpm,RWD,4705.0,1840.0,1850.0,7.0,80.0
1671,Maruti Suzuki,Ciaz VDi+ SHVS,591000,2015,65000,Diesel,Manual,Ahmedabad,White,First,Individual,1248 cc,89 bhp @ 4000 rpm,200 Nm @ 1750 rpm,FWD,4490.0,1730.0,1485.0,5.0,43.0
1542,Toyota,Innova 2.5 V 7 STR,650000,2012,143477,Diesel,Manual,Dehradun,Gold,Second,Individual,2494 cc,102@5600,200@1400,,4555.0,1770.0,1755.0,7.0,55.0
2038,Jeep,Compass Limited 1.4 Petrol AT [2017-2020],1495000,2018,28000,Petrol,Automatic,Delhi,Silver,First,Individual,1368 cc,160 bhp @ 5500 rpm,250 Nm @ 2500 rpm,FWD,4395.0,1818.0,1640.0,5.0,60.0
578,Volkswagen,Polo GT TSI,625000,2016,68000,Petrol,Automatic,Delhi,White,First,Individual,1197 cc,103 bhp @ 5000 rpm,175 Nm @ 1500 rpm,FWD,3971.0,1682.0,1469.0,5.0,45.0
1498,Volkswagen,Polo Highline Plus 1.0L TSI,1025000,2020,20124,Petrol,Manual,Bangalore,Red,First,Individual,999 cc,109 bhp @ 5000 rpm,175 Nm @ 1750 rpm,FWD,3971.0,1682.0,1469.0,5.0,45.0
1529,Toyota,Corolla Altis VL AT Petrol,1670000,2019,39000,Petrol,Automatic,Ahmedabad,Brown,Second,Individual,1798 cc,138 bhp @ 6400 rpm,173 Nm @ 4000 rpm,FWD,4620.0,1775.0,1475.0,5.0,55.0
1591,Mahindra,XUV300 1.5 W6 [2019-2020],965000,2021,27000,Diesel,Manual,Delhi,Black,First,Individual,1497 cc,115 bhp @ 3750 rpm,300 Nm @ 1500 rpm,FWD,3995.0,1821.0,1627.0,5.0,42.0
1427,Audi,A6 2.0 TDI Premium,1490000,2012,42000,Diesel,Automatic,Raipur,Brown,First,Individual,1968 cc,177 bhp @ 3750 rpm,380 Nm @ 1750 rpm,FWD,4915.0,1874.0,1455.0,5.0,65.0
187,Mahindra,Scorpio S5 2WD 7 STR,1165000,2018,32000,Diesel,Manual,Patna,White,First,Individual,2179 cc,120 bhp @ 4000 rpm,280 Nm @ 1800 rpm,RWD,4456.0,1820.0,1995.0,7.0,60.0
105,BMW,X1 sDrive20d xLine,3900000,2021,8000,Diesel,Automatic,Delhi,Black,First,Individual,1995 cc,184 bhp @ 4000 rpm,350 Nm @ 1750 rpm,RWD,4454.0,2044.0,1545.0,5.0,63.0
1095,Honda,Civic 1.8V MT,777000,2014,9212,Petrol,Manual,Patna,Grey,First,Individual,,,,,,,,,
1884,Nissan,Terrano XE (D),425000,2014,74000,Diesel,Manual,Gurgaon,Silver,Second,Individual,1461 cc,84 bhp @ 3750 rpm,200 Nm @ 1900 rpm,FWD,4331.0,1822.0,1671.0,5.0,50.0
1308,Maruti Suzuki,Ertiga VDi 1.3 Diesel,811000,2018,44153,Diesel,Manual,Patna,White,First,Individual,1248 cc,89 bhp @ 4000 rpm,200 Nm @ 1750 rpm,FWD,4395.0,1735.0,1690.0,7.0,45.0
1996,Maruti Suzuki,Vitara Brezza VDi,860000,2018,33030,Diesel,Manual,Jaipur,Red,First,Individual,1248 cc,89 bhp @ 4000 rpm,200 Nm @ 1750 rpm,FWD,3995.0,1790.0,1640.0,5.0,48.0
488,Honda,Brio S MT,295000,2012,66240,Petrol,Manual,Jaipur,Grey,Third,Individual,,,,,,,,,
286,Hyundai,i10 Sportz 1.2,220000,2009,126535,Petrol,Manual,Hyderabad,Gold,First,Individual,1197 cc,80@5200,111@4000,FWD,3565.0,1595.0,1550.0,5.0,35.0
1318,Maruti Suzuki,Baleno Zeta 1.3,695000,2016,68921,Diesel,Manual,Hyderabad,Red,First,Individual,1248 cc,74 bhp @ 4000 rpm,190 Nm @ 2000 rpm,FWD,3995.0,1745.0,1500.0,5.0,37.0
234,Toyota,Fortuner 2.8 4x2 AT [2016-2020],3550000,2020,55000,Diesel,Automatic,Delhi,Black,First,Corporate,2755 cc,174 bhp @ 3400 rpm,450 Nm @ 1600 rpm,RWD,4795.0,1855.0,1835.0,7.0,80.0
1404,Land Rover,Evoque HSE,3800000,2017,50000,Diesel,Automatic,Mumbai,White,First,Individual,1999 cc,177 bhp @ 4000 rpm,430 Nm @ 1750 rpm,AWD,4360.0,2120.0,1635.0,5.0,57.0
484,Volkswagen,Tiguan Highline TDI,2990000,2020,17904,Diesel,Automatic,Mumbai,White,First,Individual,1968 cc,141 bhp @ 4000 rpm,340 Nm @ 1750 rpm,AWD,4486.0,1839.0,1672.0,5.0,71.0
175,BMW,3-Series 320d Luxury Line,2775000,2018,68189,Diesel,Automatic,Jaipur,Brown,First,Individual,1995 cc,188 bhp @ 4000 rpm,400 Nm @ 1750 rpm,RWD,4633.0,1811.0,1429.0,5.0,57.0
1347,Ford,Ecosport Titanium 1.5L TDCi,925000,2018,74797,Diesel,Manual,Udupi,White,First,Individual,1498 cc,99 bhp @ 3750 rpm,205 Nm @ 1750 rpm,FWD,3998.0,1765.0,1647.0,5.0,52.0
1820,Maruti Suzuki,Swift Lxi (O) [2014-2017],570000,2019,13000,Petrol,Manual,Delhi,Silver,First,Individual,1197 cc,83 bhp @ 6000 rpm,115 Nm @ 4000 rpm,FWD,3850.0,1695.0,1530.0,5.0,42.0
948,Honda,WR-V VX MT Petrol,795000,2018,45326,Petrol,Manual,Mumbai,White,First,Individual,1199 cc,89 bhp @ 6000 rpm,110 Nm @ 4800 rpm,FWD,3999.0,1734.0,1601.0,5.0,40.0
1843,Nissan,Terrano XL D Plus,385000,2013,72000,Diesel,Manual,Dehradun,Grey,Second,Individual,1461 cc,84 bhp @ 3750 rpm,200 Nm @ 1900 rpm,FWD,4331.0,1822.0,1671.0,5.0,50.0
1107,Honda,Amaze 1.5 VX i-DTEC,935000,2019,56000,Diesel,Manual,Hyderabad,White,First,Individual,1498 cc,99 bhp @ 3600 rpm,200 Nm @ 1750 rpm,FWD,3990.0,1680.0,1505.0,5.0,35.0
1871,Kia,Seltos HTK 1.5 Diesel [2020-2021],1300000,2020,27000,Diesel,Manual,Jaipur,Silver,First,Individual,1493 cc,113 bhp @ 4000 rpm,250 Nm @ 1500 rpm,FWD,4315.0,1800.0,1645.0,5.0,50.0
740,Chevrolet,Cruze LTZ,320000,2011,75000,Diesel,Manual,Kanpur,Purple,Second,Individual,1991 cc,150@4000,327@2600,,4597.0,1788.0,1477.0,5.0,60.0
1528,Hyundai,i10 Sportz 1.2 Kappa2,250000,2011,64000,Petrol,Manual,Lucknow,Grey,First,Individual,1197 cc,79 bhp @ 6000 rpm,112.7619 Nm @ 4000 rpm,FWD,3585.0,1595.0,1550.0,5.0,35.0
635,BMW,X1 sDrive20d Expedition,2600000,2017,41000,Diesel,Automatic,Hyderabad,Blue,First,Individual,1995 cc,188 bhp @ 4000 rpm,400 Nm @ 1750 rpm,FWD,4439.0,1821.0,1612.0,5.0,51.0
1183,Hyundai,Creta E Plus 1.6 Petrol,1050000,2018,34841,Petrol,Manual,Hyderabad,White,First,Individual,1591 cc,122 bhp @ 6400 rpm,151 Nm @ 4850 rpm,FWD,4270.0,1780.0,1665.0,5.0,55.0
787,Hyundai,Creta SX 1.5 Diesel [2020-2022],1700000,2022,9000,Diesel,Manual,Raipur,Black,First,Individual,1493 cc,113 bhp @ 4000 rpm,250 Nm @ 1500 rpm,FWD,4300.0,1790.0,1635.0,5.0,50.0
61,Honda,City V Petrol [2017-2019],645000,2017,64000,Petrol,Manual,Mumbai,White,First,Individual,1497 cc,117 bhp @ 6600 rpm,145 Nm @ 4600 rpm,FWD,4440.0,1695.0,1495.0,5.0,40.0
1050,Toyota,Fortuner 2.8 4x2 AT [2016-2020],2799000,2019,69500,Diesel,Automatic,Delhi,White,Second,Individual,2755 cc,174 bhp @ 3400 rpm,450 Nm @ 1600 rpm,RWD,4795.0,1855.0,1835.0,7.0,80.0
149,Mahindra,Marazzo M2 8 STR,1050000,2019,17000,Diesel,Manual,Lucknow,Green,First,Individual,1497 cc,121 bhp @ 3500 rpm,300 Nm @ 1750 rpm,FWD,4585.0,1866.0,1774.0,8.0,45.0
904,Volkswagen,Jetta 1.9L TDI,310000,2009,107879,Diesel,Manual,Pune,White,Second,Individual,,,,,,,,,
1452,BMW,3-Series 320d Sport Line,2275000,2015,78362,Diesel,Automatic,Bangalore,Red,First,Individual,1995 cc,184 bhp @ 4000 rpm,380 Nm @ 1750 rpm,RWD,4624.0,2031.0,1429.0,5.0,60.0
2014,MINI,Countryman Cooper D,1300000,2013,50300,Diesel,Automatic,Delhi,Green,Second,Individual,1995 cc,112 bhp @,270 Nm @ 1750 rpm,FWD,4097.0,1789.0,1561.0,5.0,47.0
1540,Ssangyong,Rexton RX7,975000,2013,72000,Diesel,Automatic,Bangalore,Silver,First,Individual,2696 cc,184 bhp @ 4000 rpm,402 Nm @ 3000 rpm,AWD,4755.0,1900.0,1785.0,7.0,78.0
1212,MG,Hector Sharp 2.0 Diesel Turbo MT,1975000,2021,18500,Diesel,Manual,Hyderabad,Red,First,Individual,1956 cc,169 bhp @ 3750 rpm,350 Nm @ 1750 rpm,FWD,4655.0,1835.0,1760.0,5.0,60.0
1710,Maruti Suzuki,Wagon R VXi 1.2,579000,2019,50860,Petrol,Manual,Bangalore,Grey,First,Individual,1197 cc,82 bhp @ 6000 rpm,113 Nm @ 4200 rpm,FWD,3655.0,1620.0,1675.0,5.0,32.0
243,Maruti Suzuki,Swift VDi AMT [2018-2019],699000,2018,43000,Diesel,Automatic,Mumbai,Red,First,Individual,1248 cc,74 bhp @ 4000 rpm,190 Nm @ 2000 rpm,FWD,3840.0,1735.0,1530.0,5.0,37.0
1242,Maruti Suzuki,Swift LXi,450000,2017,65000,Petrol,Manual,Kanpur,Grey,First,Individual,1197 cc,83 bhp @ 6000 rpm,115 Nm @ 4000 rpm,FWD,3850.0,1695.0,1530.0,5.0,42.0
1780,Mercedes-Benz,GLE 250 d,4200000,2017,85000,Diesel,Automatic,Ludhiana,Black,First,Individual,2143 cc,201 bhp @ 3800 rpm,500 Nm @ 1600 rpm,AWD,4819.0,2141.0,1796.0,5.0,93.0
586,Maruti Suzuki,Vitara Brezza VDi AGS,894999,2019,46000,Diesel,Automatic,Mumbai,White,First,Individual,1248 cc,89 bhp @ 4000 rpm,200 Nm @ 1750 rpm,FWD,3995.0,1790.0,1640.0,5.0,48.0
1304,Mahindra,TUV300 T10,944999,2019,88000,Diesel,Manual,Hyderabad,White,First,Individual,1493 cc,100 bhp @ 3750 rpm,240 Nm @ 1600 rpm,RWD,3995.0,1795.0,1817.0,7.0,60.0
1788,Maruti Suzuki,Ertiga ZDi,621000,2013,72000,Diesel,Manual,Mumbai,Blue,First,Individual,1248 cc,89 bhp @ 4000 rpm,200 Nm @ 1750 rpm,FWD,4265.0,1695.0,1685.0,7.0,45.0
1458,Hyundai,Verna Fluidic 1.6 CRDi SX,400000,2013,71000,Diesel,Manual,Agra,Grey,First,Individual,1582 cc,126 bhp @ 4000 rpm,260 Nm @ 1900 rpm,FWD,4370.0,1700.0,1475.0,5.0,43.0
809,Hyundai,i20 Sportz 1.2 (O),335000,2013,80500,Petrol,Manual,Ambala Cantt,White,First,Individual,,,,,,,,,
1590,Hyundai,i10 Era 1.1 iRDE2 [2010-2017],225000,2012,26000,Petrol,Manual,Dehradun,White,First,Individual,1086 cc,68 bhp @ 5500 rpm,99.08 Nm @ 4500 rpm,FWD,3585.0,1595.0,1550.0,5.0,35.0
566,Mahindra,TUV300 T8,565000,2017,65000,Diesel,Manual,Delhi,Red,Second,Individual,1493 cc,84 bhp @ 3750 rpm,230 Nm @ 1500 rpm,RWD,3995.0,1835.0,1839.0,7.0,60.0
885,Maruti Suzuki,Swift DZire ZXI,545000,2015,70000,Petrol,Manual,Mohali,Silver,First,Individual,1197 cc,85 bhp @ 6000 rpm,114 Nm @ 4000 rpm,FWD,3995.0,1695.0,1555.0,5.0,42.0
413,Mercedes-Benz,S-Class 350 L,1850000,2011,26000,Petrol,Automatic,Delhi,Black,First,Individual,3498 cc,272 bhp @ 6300 rpm,345 Nm @ 4500 rpm,RWD,5226.0,2120.0,1479.0,5.0,90.0
1147,Volkswagen,Vento Highline Plus 1.2 (P) AT 16 Alloy,775000,2017,60500,Petrol,Automatic,Surat,White,First,Individual,1197 cc,103 bhp @ 5000 rpm,175 Nm @ 1500 rpm,FWD,4390.0,1699.0,1467.0,5.0,55.0
724,Mahindra,Scorpio S10,925000,2016,150000,Diesel,Manual,Lucknow,White,First,Individual,2179 cc,120 bhp @ 4000 rpm,280 Nm @ 1800 rpm,RWD,4456.0,1820.0,1995.0,8.0,60.0
800,Skoda,Octavia 1.8 TSI Ambition Plus AT,1685000,2017,28600,Petrol,Automatic,Mumbai,Grey,First,Individual,1798 cc,177 bhp @ 4500 rpm,250 Nm @ 1250 rpm,FWD,4659.0,1814.0,1476.0,5.0,50.0
1910,Audi,A3 35 TFSI Premium Plus,2089999,2018,15600,Petrol,Automatic,Lucknow,White,First,Corporate,1395 cc,148 bhp @ 5000 rpm,250 Nm @ 1500 rpm,FWD,4456.0,1796.0,1416.0,5.0,50.0
1552,Tata,Harrier XZ,2095000,2021,23000,Diesel,Manual,Hyderabad,Red,First,Individual,1956 cc,168 bhp @ 3750 rpm,350 Nm @ 1750 rpm,FWD,4598.0,1894.0,1706.0,5.0,50.0
1652,Mercedes-Benz,A-Class Sedan 200,4100000,2021,9000,Petrol,Automatic,Chennai,Blue,First,Individual,1332 cc,161 bhp @ 5500 rpm,250 Nm @ 1620 rpm,FWD,4549.0,1796.0,1446.0,5.0,43.0
238,Toyota,Fortuner 3.0 MT,750000,2011,117000,Diesel,Manual,Agra,White,Second,Individual,2982 cc,171@3600,343@1400,AWD,4695.0,1840.0,1850.0,7.0,80.0
860,Maruti Suzuki,Eeco 5 STR WITH A/C+HTR [2019-2020],422000,2018,12768,Petrol,Manual,Ahmedabad,White,First,Individual,1196 cc,73 bhp @ 6000 rpm,101 Nm @ 3000 rpm,RWD,3675.0,1475.0,1800.0,5.0,40.0
769,Honda,City ZX Diesel,1490000,2021,11000,Diesel,Manual,Lucknow,White,First,Individual,1498 cc,99 bhp @ 3600 rpm,200 Nm @ 1750 rpm,FWD,4440.0,1695.0,1495.0,5.0,40.0
256,Maruti Suzuki,Baleno Alpha 1.3,690000,2017,61000,Diesel,Manual,Surat,Orange,First,Individual,1248 cc,74 bhp @ 4000 rpm,190 Nm @ 2000 rpm,FWD,3995.0,1745.0,1500.0,5.0,37.0
986,Hyundai,Eon Era +,210000,2014,48000,Petrol,Manual,Lucknow,Red,First,Individual,814 cc,55 bhp @ 5500 rpm,75 Nm @ 4000 rpm,FWD,3495.0,1550.0,1500.0,5.0,32.0
2009,Audi,A4 2.0 TDI Sline,775000,2012,89000,Diesel,Automatic,Mohali,Black,Second,Individual,,,,,,,,,
23,Hyundai,Venue SX 1.0 (O) Petrol [2019-2020],999000,2019,27464,Petrol,Manual,Bangalore,Blue,First,Individual,998 cc,118 bhp @ 6000 rpm,172 Nm @ 1500 rpm,FWD,3995.0,1770.0,1605.0,5.0,45.0
1600,Mercedes-Benz,GLC 220d 4MATIC Progressive [2019-2021],6500000,2020,13000,Diesel,Automatic,Mumbai,Silver,First,Individual,1950 cc,192 bhp @ 3800 rpm,400 Nm @ 1600 rpm,AWD,4658.0,1890.0,1644.0,5.0,66.0
802,Hyundai,Creta SX 1.6 CRDI,869999,2017,70000,Diesel,Manual,Kanpur,White,First,Individual,1582 cc,126 bhp @ 4000 rpm,265 Nm @ 1900 rpm,FWD,4270.0,1780.0,1630.0,5.0,60.0
1603,Mercedes-Benz,E-Class E 220 d Avantgarde,7475000,2021,13000,Diesel,Automatic,Delhi,Black,First,Individual,1950 cc,192 bhp @ 3800 rpm,400 Nm @ 1600 rpm,RWD,5063.0,1860.0,1494.0,5.0,80.0
42,Audi,A4 2.0 TDI (177bhp) Premium Plus,1575000,2013,66000,Diesel,Automatic,Hyderabad,White,First,Individual,1968 cc,177 bhp @ 4200 rpm,380 Nm @ 1750 rpm,FWD,4701.0,1826.0,1427.0,5.0,63.0
1419,Volvo,V40 D3 R-Design,1798999,2017,14000,Diesel,Automatic,Delhi,Blue,First,Individual,1984 cc,150 bhp @ 3500 rpm,350 Nm @ 1500 rpm,FWD,4370.0,1783.0,1458.0,5.0,60.0
502,Audi,Q3 35 TDI Premium,1775000,2015,80000,Diesel,Automatic,Chennai,Silver,First,Individual,1968 cc,174 bhp @ 4200 rpm,380 Nm @ 1750 rpm,AWD,4385.0,1831.0,1608.0,5.0,64.0
1894,Maruti Suzuki,Celerio ZXi AMT [2017-2019],575000,2018,27239,Petrol,Automatic,Bangalore,Orange,First,Individual,998 cc,67 bhp @ 6000 rpm,90 Nm @ 3500 rpm,FWD,3600.0,1600.0,1560.0,5.0,35.0
1826,Mahindra,Quanto C8,240000,2013,51500,Diesel,Manual,Kolkata,Maroon,Second,Individual,1493 cc,100 bhp @ 3750 rpm,240 Nm @ 1600 rpm,RWD,3985.0,1850.0,1880.0,7.0,55.0
477,Mercedes-Benz,S-Class 300,1500000,2012,158000,Petrol,Automatic,Chennai,Brown,First,Individual,,,,,,,,,
335,Ford,Fiesta Style Diesel [2011-2014],295000,2013,74000,Diesel,Manual,Hyderabad,Maroon,First,Individual,1498 cc,89 bhp @ 3750 rpm,204 Nm @ 2000 rpm,FWD,4291.0,1722.0,1496.0,5.0,43.0
547,Honda,City 1.5 S MT,450000,2013,61000,Petrol,Manual,Delhi,Maroon,First,Individual,1497 cc,116 bhp @ 6600 rpm,146 Nm @ 4800 rpm,FWD,4440.0,1695.0,1485.0,5.0,42.0
1251,Maruti Suzuki,Swift DZire VXI,500000,2016,26000,Petrol,Manual,Delhi,White,First,Individual,1197 cc,83 bhp @ 6000 rpm,115 Nm @ 4000 rpm,FWD,3995.0,1695.0,1555.0,5.0,42.0
281,Isuzu,MU-X 4x2,2100000,2018,75592,Diesel,Automatic,Hyderabad,White,First,Individual,2999 cc,174 bhp @ 3600 rpm,380 Nm @ 1800 rpm,RWD,4825.0,1860.0,1840.0,7.0,65.0
1924,Maruti Suzuki,Ciaz Delta Hybrid 1.5 [2018-2020],750000,2019,6200,Petrol,Manual,Mumbai,Blue,First,Individual,1462 cc,103 bhp @ 6000 rpm,138 Nm @ 4400 rpm,FWD,4490.0,1730.0,1485.0,5.0,43.0
268,Hyundai,Grand i10 Magna 1.2 Kappa VTVT [2013-2016],569000,2018,57847,Petrol,Manual,Bangalore,Grey,First,Individual,1197 cc,81 bhp @ 6000 rpm,114 Nm @ 4000 rpm,FWD,3765.0,1660.0,1520.0,5.0,43.0
1008,Mercedes-Benz,GLC 200 Progressive,6600000,2021,16785,Petrol,Automatic,Bangalore,White,First,Individual,1991 cc,194 bhp @ 5500 rpm,320 Nm @ 1650 rpm,RWD,4658.0,1890.0,1644.0,5.0,66.0
1028,Audi,Q5 2.0 TDI quattro Premium,1700000,2014,78000,Diesel,Automatic,Ahmedabad,Brown,First,Individual,1968 cc,174 bhp @ 4200 rpm,380 Nm @ 1750 rpm,AWD,4629.0,1898.0,1653.0,5.0,75.0
469,Hyundai,Eon 1.0 Kappa Magna AirBag,360000,2015,16205,Petrol,Manual,Pune,White,First,Individual,998 cc,68 bhp @ 6200 rpm,94 Nm @ 3500 rpm,FWD,3515.0,1550.0,1510.0,5.0,32.0
180,BMW,5-Series 520d Sedan,1250000,2012,78000,Diesel,Automatic,Mohali,Black,First,Individual,1995 cc,184 bhp @ 4000 rpm,380 Nm @ 1750 rpm,RWD,4899.0,2094.0,1464.0,5.0,
811,Mercedes-Benz,E-Class E 220 d Avantgarde,6500000,2019,5750,Diesel,Automatic,Bangalore,White,First,Individual,1950 cc,192 bhp @ 3800 rpm,400 Nm @ 1600 rpm,RWD,5063.0,1860.0,1494.0,5.0,80.0
1708,Maruti Suzuki,Celerio X Zxi AMT [2017-2019],484999,2018,44000,Petrol,Automatic,Delhi,Grey,First,Individual,998 cc,67 bhp @ 6000 rpm,90 Nm @ 3500 rpm,FWD,3715.0,1635.0,1565.0,5.0,35.0
1931,Hyundai,Eon Era +,225000,2012,56000,Petrol,Manual,Meerut,Grey,First,Individual,814 cc,55 bhp @ 5500 rpm,75 Nm @ 4000 rpm,FWD,3495.0,1550.0,1500.0,5.0,32.0
24,Maruti Suzuki,Alto LXi CNG,370000,2019,47377,CNG,Manual,Delhi,Grey,First,Individual,998 cc,58 bhp @ 6000 rpm,78 Nm @ 3500 rpm,FWD,3545.0,1490.0,1475.0,4.0,60.0
504,Ford,Endeavour Titanium 3.2 4x4 AT,3450000,2019,41526,Diesel,Automatic,Coimbatore,Silver,First,Individual,3198 cc,197 bhp @ 3000 rpm,470 Nm @ 1750 rpm,AWD,4892.0,1860.0,1837.0,7.0,80.0
1066,Maruti Suzuki,Alto 800 Lxi,265000,2017,52100,Petrol,Manual,Lucknow,White,First,Individual,796 cc,47 bhp @ 6000 rpm,69 Nm @ 3500 rpm,FWD,3395.0,1490.0,1475.0,5.0,35.0
1852,Mahindra,TUV300 T6 Plus AMT,650000,2015,49776,Diesel,Automatic,Mumbai,White,First,Individual,1493 cc,84 bhp @ 3750 rpm,230 Nm @ 1500 rpm,RWD,3995.0,1835.0,1839.0,7.0,60.0
1129,Volkswagen,Polo Comfortline 1.2L (P),565000,2014,72782,Petrol,Manual,Bangalore,Grey,First,Individual,1198 cc,74 bhp @ 5400 rpm,110 Nm @ 3750 rpm,FWD,3970.0,1682.0,1453.0,5.0,45.0
1365,Ford,Figo Duratorq Diesel ZXI 1.4,225000,2013,87000,Diesel,Manual,Mohali,Grey,First,Individual,1399 cc,68 bhp @ 4000 rpm,160 Nm @ 2000 rpm,FWD,3795.0,1680.0,1427.0,5.0,45.0
1736,Hyundai,Venue S 1.0 AT Petrol [2019-2020],750000,2019,43600,Petrol,Automatic,Allahabad,White,First,Individual,998 cc,118 bhp @ 6000 rpm,172 Nm @ 1500 rpm,FWD,3995.0,1770.0,1605.0,5.0,45.0
1684,Maruti Suzuki,Swift ZXi,575000,2015,50599,Petrol,Manual,Chennai,White,Second,Individual,1197 cc,85 bhp @ 6000 rpm,114 Nm @ 4000 rpm,FWD,3850.0,1695.0,1530.0,5.0,42.0
1512,Hyundai,i10 Magna 1.2 Kappa2,250000,2011,53000,Petrol,Manual,Kanpur,White,First,Individual,1197 cc,79 bhp @ 6000 rpm,112.7619 Nm @ 4000 rpm,FWD,3585.0,1595.0,1550.0,5.0,35.0
1960,Honda,Brio S MT,341000,2016,49000,Petrol,Manual,Mumbai,White,First,Individual,1198 cc,87 bhp @ 6000 rpm,109 Nm @ 4500 rpm,FWD,3610.0,1680.0,1500.0,5.0,35.0
1785,Maruti Suzuki,Celerio VXi AMT,375000,2014,35000,Petrol,Automatic,Delhi,Red,First,Individual,998 cc,67 bhp @ 6000 rpm,90 Nm @ 3500 rpm,FWD,3600.0,1600.0,1560.0,5.0,35.0
159,Hyundai,Xcent S 1.2 (O),490000,2015,23103,Petrol,Manual,Udupi,White,First,Individual,1197 cc,81 bhp @ 6000 rpm,114 Nm @ 4000 rpm,FWD,3995.0,1660.0,1520.0,5.0,43.0
1733,Honda,City 1.5 S MT,250000,2009,72256,Petrol,Manual,Navi Mumbai,Black,First,Individual,1497 cc,118@6600,146@4600,FWD,4420.0,1695.0,1480.0,5.0,42.0
1017,MG,Hector Plus Sharp 1.5 DCT Petrol,1875000,2021,10000,Petrol,Automatic,Faridabad,Red,First,Individual,1451 cc,141 bhp @ 5000 rpm,250 Nm @ 1600 rpm,FWD,4720.0,1835.0,1760.0,6.0,60.0
889,Maruti Suzuki,Ciaz ZDi SHVS,625000,2015,61000,Diesel,Manual,Allahabad,White,First,Individual,1248 cc,89 bhp @ 4000 rpm,200 Nm @ 1750 rpm,FWD,4490.0,1730.0,1485.0,5.0,43.0
1215,Toyota,Yaris J CVT [2018-2020],875000,2018,23148,Petrol,Automatic,Bangalore,Red,First,Individual,1496 cc,106 bhp @ 6000 rpm,140 Nm @ 4200 rpm,FWD,4425.0,1730.0,1495.0,5.0,42.0
1899,Maruti Suzuki,Swift DZire LXI,610000,2017,38674,Petrol,Manual,Navi Mumbai,Red,First,Individual,1197 cc,83 bhp @ 6000 rpm,115 Nm @ 4000 rpm,FWD,3995.0,1695.0,1555.0,5.0,42.0
255,Honda,City V,1060000,2019,12382,Petrol,Manual,Pune,Maroon,First,Corporate,1497 cc,117 bhp @ 6600 rpm,145 Nm @ 4600 rpm,FWD,4440.0,1695.0,1495.0,5.0,40.0
1346,Maruti Suzuki,Swift VXi,355000,2014,68005,Petrol,Manual,Ranchi,White,First,Individual,1197 cc,85 bhp @ 6000 rpm,114 Nm @ 4000 rpm,FWD,3850.0,1695.0,1530.0,5.0,42.0
1990,Maruti Suzuki,Wagon R LXI CNG,400000,2017,43000,CNG,Manual,Agra,Grey,First,Individual,998 cc,58 bhp @ 6200 rpm,77 Nm @ 3500 rpm,FWD,3599.0,1495.0,1700.0,5.0,35.0
315,Mercedes-Benz,S-Class S 350D [2018-2020],7900000,2017,11850,Diesel,Automatic,Vadodara,White,First,Individual,2925 cc,282 bhp @ 3600 rpm,600 Nm @ 1600 rpm,RWD,5246.0,1899.0,1494.0,5.0,70.0
113,Tata,Zest XM 75 PS Diesel,425000,2017,39000,Diesel,Manual,Ranchi,Silver,First,Commercial Registration,1248 cc,74 bhp @ 4000 rpm,190 Nm @ 1750 rpm,FWD,3995.0,1706.0,1570.0,5.0,44.0
1492,Honda,City 1.5 V MT,375000,2012,80350,Petrol,Manual,Mumbai,Silver,First,Individual,1497 cc,116 bhp @ 6600 rpm,146 Nm @ 4800 rpm,FWD,4440.0,1695.0,1485.0,5.0,42.0
249,Mahindra,XUV500 W8,549000,2012,143000,Diesel,Manual,Mohali,Silver,First,Individual,2179 cc,140 bhp @ 3750 rpm,330 Nm @ 2800 rpm,FWD,4585.0,1890.0,1785.0,7.0,70.0
11,Renault,Kwid 1.0 RXT [2016-2019],459999,2018,22541,Petrol,Manual,Bangalore,Grey,First,Individual,999 cc,67 bhp @ 5500 rpm,91 Nm @ 4250 rpm,FWD,3679.0,1579.0,1478.0,5.0,28.0
490,Maruti Suzuki,Wagon R LXI CNG,400000,2016,67850,CNG,Manual,Mumbai,Red,First,Individual,998 cc,58 bhp @ 6200 rpm,77 Nm @ 3500 rpm,FWD,3599.0,1495.0,1700.0,5.0,35.0
1992,Toyota,Innova 2.0 G1 BS-IV,555000,2010,261236,Petrol,Manual,Mumbai,Silver,First,Individual,1998 cc,136@5600,182@4000,,4555.0,1770.0,1755.0,8.0,55.0
1637,Mercedes-Benz,GLE 350 d,5000000,2016,61000,Diesel,Automatic,Mumbai,Grey,First,Individual,2987 cc,255 bhp @ 3400 rpm,620 Nm @ 1600 rpm,AWD,4819.0,2141.0,1796.0,5.0,93.0
1676,Hyundai,i10 Magna,175000,2009,65000,Petrol,Manual,Jamshedpur,Blue,Second,Individual,1086 cc,67@5500,99@2800,FWD,3565.0,1595.0,1550.0,5.0,35.0
185,Mercedes-Benz,C-Class C 250 d,2775000,2016,48000,Diesel,Automatic,Delhi,Black,First,Individual,2143 cc,204 bhp @ 3800 rpm,500 Nm @ 1600 rpm,RWD,4686.0,1810.0,1442.0,5.0,66.0
1572,Hyundai,Xcent S 1.2,399000,2014,74000,Petrol,Manual,Ahmedabad,White,First,Individual,1197 cc,81 bhp @ 6000 rpm,114 Nm @ 4000 rpm,FWD,3995.0,1660.0,1520.0,5.0,43.0
753,BMW,X1 sDrive20d xLine,3675000,2020,37180,Diesel,Automatic,Bangalore,White,First,Individual,1995 cc,184 bhp @ 4000 rpm,350 Nm @ 1750 rpm,RWD,4454.0,2044.0,1545.0,5.0,63.0
1508,Toyota,Fortuner 3.0 4x4 MT,1975000,2014,123000,Diesel,Manual,Bangalore,White,Second,Individual,2982 cc,169 bhp @ 3600 rpm,343 Nm @ 1400 rpm,AWD,4705.0,1840.0,1850.0,7.0,80.0
482,Honda,City VX CVT Petrol,1390000,2022,32000,Petrol,Automatic,Delhi,Brown,First,Individual,1498 cc,119 bhp @ 6600 rpm,145 Nm @ 4300 rpm,FWD,4549.0,1748.0,1489.0,5.0,40.0
1864,Maruti Suzuki,Alto 800 Lxi,285000,2016,17000,Petrol,Manual,Lucknow,White,First,Individual,796 cc,47 bhp @ 6000 rpm,69 Nm @ 3500 rpm,FWD,3395.0,1490.0,1475.0,5.0,35.0
1020,Land Rover,Discovery HSE,2785000,2016,120000,Diesel,Automatic,Delhi,Blue,First,Individual,2993 cc,245 bhp @ 4000 rpm,600 Nm @ 2000 rpm,AWD,4838.0,1915.0,1837.0,7.0,82.0
444,Mahindra,XUV500 W8 1.99 [2016-2017],690000,2015,157662,Diesel,Manual,Jaipur,Silver,Second,Individual,1997 cc,138 bhp @ 3750 rpm,320 Nm @ 1600 rpm,FWD,4585.0,1890.0,1785.0,7.0,70.0
46,Maruti Suzuki,Baleno Delta 1.2,605000,2019,27469,Petrol,Manual,Delhi,Silver,First,Individual,1197 cc,83 bhp @ 6000 rpm,115 Nm @ 4000 rpm,FWD,3995.0,1745.0,1500.0,5.0,37.0
907,Honda,Amaze 1.2 S i-VTEC,475000,2014,65000,Petrol,Manual,Coimbatore,Silver,Second,Individual,1198 cc,87 bhp @ 6000 rpm,109 Nm @ 4500 rpm,FWD,3990.0,1680.0,1505.0,5.0,35.0
116,Maruti Suzuki,Ertiga VDi,425000,2012,78000,Diesel,Manual,Jalandhar,White,Second,Individual,1248 cc,89 bhp @ 4000 rpm,200 Nm @ 1750 rpm,FWD,4265.0,1695.0,1685.0,7.0,45.0
865,Mercedes-Benz,C-Class C 220d Progressive [2018-2019],3950000,2019,33000,Diesel,Automatic,Mumbai,White,First,Individual,1950 cc,192 bhp @ 3800 rpm,400 Nm @ 1600 rpm,RWD,4686.0,1810.0,1442.0,5.0,66.0
2054,Mahindra,XUV500 W8 [2015-2017],850000,2016,90300,Diesel,Manual,Surat,White,First,Individual,2179 cc,138 bhp @ 3750 rpm,330 Nm @ 1600 rpm,FWD,4585.0,1890.0,1785.0,7.0,70.0
1604,Mercedes-Benz,GLC 220d 4MATIC Progressive,7000000,2021,19000,Diesel,Automatic,Mumbai,Black,First,Individual,1950 cc,192 bhp @ 3800 rpm,400 Nm @ 1600 rpm,AWD,4658.0,1890.0,1644.0,5.0,66.0
1214,Maruti Suzuki,Swift VXi [2014-2017],695000,2019,46027,Petrol,Manual,Hyderabad,Blue,First,Individual,1197 cc,83 bhp @ 6000 rpm,115 Nm @ 4000 rpm,FWD,3850.0,1695.0,1530.0,5.0,42.0
1374,Honda,Jazz V Petrol,500000,2016,54440,Petrol,Manual,Mumbai,Silver,First,Individual,1199 cc,89 bhp @ 6000 rpm,110 Nm @ 4800 rpm,FWD,3955.0,1694.0,1544.0,5.0,40.0
2001,Jeep,Compass Limited 2.0 Diesel [2017-2020],1250000,2018,90000,Diesel,Manual,Ludhiana,Silver,First,Individual,1956 cc,171 bhp @ 3750 rpm,350 Nm @ 1750 rpm,FWD,4395.0,1818.0,1640.0,5.0,60.0
1040,Skoda,Rapid Style 1.6 MPI AT,900000,2018,55000,Petrol,Automatic,Pune,Grey,Second,Individual,1598 cc,104 bhp @ 5200 rpm,153 Nm @ 3750 rpm,FWD,4413.0,1699.0,1466.0,5.0,55.0
346,Toyota,Corolla Altis 1.8 G,725000,2014,104814,Petrol,Manual,Mumbai,Grey,First,Individual,1798 cc,138 bhp @ 6400 rpm,173 Nm @ 4000 rpm,FWD,4540.0,1760.0,1480.0,5.0,55.0
101,Hyundai,Elite i20 Sportz 1.2 (O),611000,2017,51349,Petrol,Manual,Nagpur,Red,First,Individual,1197 cc,82 bhp @ 6000 rpm,115 Nm @ 4000 rpm,FWD,3985.0,1734.0,1505.0,5.0,45.0
899,Toyota,Corolla Altis 1.8 VL AT,450000,2011,95000,Petrol,Automatic,Mumbai,White,First,Individual,1794 cc,132@6000,170@4200,FWD,4540.0,1760.0,1480.0,5.0,55.0
1784,Mahindra,Thar LX 4-STR Hard Top Petrol AT,1710000,2021,4400,Petrol,Automatic,Mumbai,Black,First,Individual,1997 cc,150 bhp @ 5000 rpm,320 Nm @ 1500 rpm,AWD,3985.0,1820.0,1844.0,4.0,57.0
1032,Mahindra,Thar CRDe 4x4 Non AC,525000,2015,85000,Diesel,Manual,Ambala Cantt,Green,Second,Individual,2498 cc,105@3800,247@1800,AWD,3920.0,1710.0,1930.0,7.0,60.0
765,Honda,City VX CVT,825000,2016,45000,Petrol,Automatic,Mumbai,White,First,Individual,1497 cc,117 bhp @ 6600 rpm,145 Nm @ 4600 rpm,FWD,4440.0,1695.0,1495.0,5.0,40.0
351,Mahindra,Thar AX 4-STR Convertible Petrol MT,1700000,2021,3813,Petrol,Manual,Chennai,Red,First,Individual,1997 cc,150 bhp @ 5000 rpm,300 Nm @ 1250 rpm,AWD,3985.0,1820.0,1855.0,4.0,57.0
613,Mercedes-Benz,GLE 250 d,5400000,2016,16000,Diesel,Automatic,Karnal,White,First,Individual,2143 cc,201 bhp @ 3800 rpm,500 Nm @ 1600 rpm,AWD,4819.0,2141.0,1796.0,5.0,93.0
1437,Hyundai,i10 Asta 1.2 AT Kappa2 with Sunroof,380000,2013,57000,Petrol,Automatic,Kanpur,White,First,Individual,1197 cc,79 bhp @ 6000 rpm,112.7619 Nm @ 4000 rpm,FWD,3585.0,1595.0,1550.0,5.0,35.0
1971,Land Rover,Range Rover Sport SDV6 SE,6000000,2014,82000,Diesel,Automatic,Ludhiana,White,First,Individual,2993 cc,289 bhp @ 4000 rpm,600 Nm @ 2000 rpm,AWD,4879.0,2073.0,1780.0,5.0,77.0
489,Mercedes-Benz,GLE 43 4MATIC [2017-2019],8500000,2018,25275,Petrol,Automatic,Hyderabad,Black,First,Individual,2996 cc,362 bhp @ 5500 rpm,520 Nm @ 2000 rpm,AWD,4891.0,2003.0,1719.0,5.0,93.0
420,Honda,City ZX CVT Petrol,1450000,2021,13000,Petrol,Automatic,Delhi,Brown,First,Individual,1497 cc,118 bhp @ 6600 rpm,145 Nm @ 4600 rpm,FWD,4440.0,1695.0,1495.0,5.0,40.0
1865,BMW,X5 xDrive 30d,7998999,2020,20000,Diesel,Automatic,Kolkata,Grey,First,Individual,2993 cc,258 bhp @ 4000 rpm,560 Nm @ 1500 rpm,AWD,4886.0,1938.0,1762.0,7.0,
1497,Hyundai,Elite i20 Sportz 1.2 MT,700000,2020,25000,Petrol,Manual,Patna,White,First,Individual,1197 cc,82 bhp @ 6000 rpm,115 Nm @ 4200 rpm,FWD,3995.0,1775.0,1505.0,5.0,37.0
990,Land Rover,Discovery Sport SE R-Dynamic,5995000,2020,54200,Diesel,Automatic,Indore,White,First,Individual,1999 cc,177 bhp @ 4000 rpm,430 Nm @ 1750 rpm,AWD,4600.0,2069.0,1724.0,7.0,70.0
308,Hyundai,Tucson GL 2WD AT Petrol,1595000,2017,86000,Petrol,Automatic,Bangalore,Blue,First,Individual,1999 cc,153 bhp @ 6200 rpm,192 Nm @ 4000 rpm,FWD,4475.0,1850.0,1660.0,5.0,62.0
812,Volkswagen,Polo Highline1.2L (P),490000,2015,50000,Petrol,Manual,Delhi,White,First,Individual,1198 cc,74 bhp @ 5400 rpm,110 Nm @ 3750 rpm,FWD,3971.0,1682.0,1469.0,5.0,45.0
1146,BMW,7-Series 730Ld,3200000,2014,133273,Diesel,Automatic,Pune,Blue,First,Individual,2993 cc,258 bhp @ 4000 rpm,560 Nm @ 1500 rpm,RWD,5219.0,1902.0,1481.0,4.0,
74,Ford,Figo Duratorq Diesel Titanium 1.4,299000,2013,64983,Diesel,Manual,Mumbai,Red,First,Individual,1399 cc,68 bhp @ 4000 rpm,160 Nm @ 2000 rpm,FWD,3795.0,1680.0,1427.0,5.0,45.0
186,Maruti Suzuki,S-Presso VXi,430000,2020,5790,Petrol,Manual,Hyderabad,Silver,First,Individual,998 cc,67 bhp @ 5500 rpm,90 Nm @ 3500 rpm,FWD,3565.0,1520.0,1564.0,5.0,27.0
1352,Volkswagen,Vento Comfortline Diesel,434999,2014,79081,Diesel,Manual,Delhi,Grey,First,Individual,1598 cc,103 bhp @ 4400 rpm,250 Nm @ 1500 rpm,FWD,4384.0,1699.0,1466.0,5.0,55.0
1125,Renault,Duster 110 PS RXZ 4X2 MT Diesel,450000,2016,2000000,Diesel,Manual,Ranchi,White,First,Individual,1461 cc,108 bhp @ 3900 rpm,248 Nm @ 2250 rpm,FWD,4315.0,1822.0,1695.0,5.0,50.0
301,Honda,WR-V VX MT Petrol,900000,2019,17000,Petrol,Manual,Ahmedabad,White,First,Individual,1199 cc,89 bhp @ 6000 rpm,110 Nm @ 4800 rpm,FWD,3999.0,1734.0,1601.0,5.0,40.0
58,Mahindra,Scorpio SLE BS-IV,400000,2014,78000,Diesel,Manual,Gurgaon,White,Second,Individual,2179 cc,120 bhp @ 4000 rpm,290 Nm @ 1800 rpm,RWD,4430.0,1817.0,1975.0,8.0,60.0
677,Land Rover,Evoque SE,3450000,2016,29000,Diesel,Automatic,Delhi,Blue,First,Individual,2179 cc,188 bhp @ 3500 rpm,420 Nm @ 1750 rpm,AWD,4465.0,1900.0,1635.0,5.0,57.0
1687,Land Rover,Discovery Sport HSE Luxury 7-Seater,4575000,2019,50000,Diesel,Automatic,Karnal,Blue,First,Individual,2179 cc,188 bhp @ 3500 rpm,420 Nm @ 1750 rpm,AWD,4600.0,2069.0,1724.0,7.0,65.0
272,Renault,Kwid 1.0 RXT [2016-2019],299000,2016,26000,Petrol,Manual,Mumbai,Brown,First,Individual,999 cc,67 bhp @ 5500 rpm,91 Nm @ 4250 rpm,FWD,3679.0,1579.0,1478.0,5.0,28.0
364,Toyota,Innova 2.7 VX 7 STR [2016-2020],1964999,2020,26000,Petrol,Manual,Delhi,Silver,First,Individual,2694 cc,164 bhp @ 5200 rpm,245 Nm @ 4000 rpm,RWD,4735.0,1830.0,1795.0,7.0,65.0
1622,Renault,Duster 85 PS RxL Diesel,525000,2014,48000,Diesel,Manual,Patna,Silver,First,Individual,1461 cc,84 bhp @ 3750 rpm,200 Nm @ 1900 rpm,FWD,4315.0,1822.0,1695.0,5.0,50.0
478,Audi,A6 2.0 TDI Premium,1175000,2012,77000,Diesel,Automatic,Mumbai,Blue,Second,Individual,1968 cc,177 bhp @ 3750 rpm,380 Nm @ 1750 rpm,FWD,4915.0,1874.0,1455.0,5.0,65.0
1448,Mahindra,Thar LX 4-STR Hard Top Diesel AT,1950000,2022,4500,Diesel,Automatic,Ludhiana,Black,First,Individual,2184 cc,130 bhp @ 3750 rpm,300 Nm @ 1600 rpm,AWD,3985.0,1820.0,1844.0,4.0,57.0
1378,Kia,Carnival Limousine Plus 7 STR,2950000,2020,72000,Diesel,Automatic,Chandigarh,White,First,Individual,2199 cc,197 bhp @ 3800 rpm,440 Nm @ 1750 rpm,FWD,5115.0,1985.0,1755.0,7.0,60.0
2020,Hyundai,Creta SX (O) 1.5 Diesel Automatic,1989999,2022,5800,Diesel,Automatic,Surat,White,First,Individual,1493 cc,113 bhp @ 4000 rpm,250 Nm @ 1500 rpm,FWD,4300.0,1790.0,1635.0,5.0,50.0
956,Maruti Suzuki,Eeco 7 STR [2019-2020],509999,2019,40000,Petrol,Manual,Thane,Silver,First,Individual,1196 cc,73 bhp @ 6000 rpm,101 Nm @ 3000 rpm,RWD,3675.0,1475.0,1800.0,7.0,40.0
1767,Hyundai,Verna EX 1.6 CRDi [2017-2018],810000,2018,73000,Diesel,Manual,Pune,Red,First,Individual,1582 cc,126 bhp @ 4000 rpm,260 Nm @ 1500 rpm,FWD,4440.0,1729.0,1475.0,5.0,45.0
1876,Maruti Suzuki,Alto LXi,280000,2011,69276,Petrol,Manual,Hyderabad,Gold,First,Individual,998 cc,67 bhp @ 6200 rpm,90 Nm @ 3500 rpm,FWD,3620.0,1475.0,1460.0,5.0,35.0
710,Hyundai,Creta E Plus 1.4 CRDI,990000,2019,23000,Diesel,Manual,Ahmedabad,Orange,First,Individual,1396 cc,89 bhp @ 4000 rpm,224 Nm @ 1500 rpm,FWD,4270.0,1780.0,1630.0,5.0,60.0
29,Honda,WR-V VX MT Petrol,819999,2018,27963,Petrol,Manual,Delhi,White,First,Individual,1199 cc,89 bhp @ 6000 rpm,110 Nm @ 4800 rpm,FWD,3999.0,1734.0,1601.0,5.0,40.0
